task_id,M0,rhoh0,FeH,rg,tend,seed,rantala_imbh_seed,chattopadhyay_seed,galpy_potential,M_vir,c_halo,clumps_seed,n_clumps
1,10000000.0,416869.3834703355,-1.7,26.25,3000,1,True,False,True,1000000000.0,7,True,15
2,10000000.0,416869.3834703355,-1.7,26.25,3000,2,True,False,True,1000000000.0,7,True,15
3,10000000.0,416869.3834703355,-1.7,26.25,3000,3,True,False,True,1000000000.0,7,True,15
4,10000000.0,416869.3834703355,-1.7,26.25,3000,4,True,False,True,1000000000.0,7,True,15
5,10000000.0,416869.3834703355,-1.7,26.25,3000,5,True,False,True,1000000000.0,7,True,15
6,10000000.0,416869.3834703355,-1.7,26.25,3000,6,True,False,True,1000000000.0,7,True,15
7,10000000.0,416869.3834703355,-1.7,26.25,3000,7,True,False,True,1000000000.0,7,True,15
8,10000000.0,416869.3834703355,-1.7,26.25,3000,8,True,False,True,1000000000.0,7,True,15
9,10000000.0,416869.3834703355,-1.7,26.25,3000,9,True,False,True,1000000000.0,7,True,15
10,10000000.0,416869.3834703355,-1.7,26.25,3000,10,True,False,True,1000000000.0,7,True,15
11,10000000.0,416869.3834703355,-1.7,26.25,3000,11,True,False,True,1000000000.0,7,True,15
12,10000000.0,416869.3834703355,-1.7,26.25,3000,12,True,False,True,1000000000.0,7,True,15
13,10000000.0,416869.3834703355,-1.7,26.25,3000,13,True,False,True,1000000000.0,7,True,15
14,10000000.0,416869.3834703355,-1.7,26.25,3000,14,True,False,True,1000000000.0,7,True,15
15,10000000.0,416869.3834703355,-1.7,26.25,3000,15,True,False,True,1000000000.0,7,True,15
16,10000000.0,416869.3834703355,-1.7,26.25,3000,16,True,False,True,1000000000.0,7,True,15
17,10000000.0,416869.3834703355,-1.7,26.25,3000,17,True,False,True,1000000000.0,7,True,15
18,10000000.0,416869.3834703355,-1.7,26.25,3000,18,True,False,True,1000000000.0,7,True,15
19,10000000.0,416869.3834703355,-1.7,26.25,3000,19,True,False,True,1000000000.0,7,True,15
20,10000000.0,416869.3834703355,-1.7,26.25,3000,20,True,False,True,1000000000.0,7,True,15
21,10000000.0,416869.3834703355,-1.7,26.25,3000,21,True,False,True,1000000000.0,7,True,15
22,10000000.0,416869.3834703355,-1.7,26.25,3000,22,True,False,True,1000000000.0,7,True,15
23,10000000.0,416869.3834703355,-1.7,26.25,3000,23,True,False,True,1000000000.0,7,True,15
24,10000000.0,416869.3834703355,-1.7,26.25,3000,24,True,False,True,1000000000.0,7,True,15
25,10000000.0,416869.3834703355,-1.7,26.25,3000,25,True,False,True,1000000000.0,7,True,15
26,10000000.0,416869.3834703355,-1.7,26.25,3000,26,True,False,True,1000000000.0,7,True,15
27,10000000.0,416869.3834703355,-1.7,26.25,3000,27,True,False,True,1000000000.0,7,True,15
28,10000000.0,416869.3834703355,-1.7,26.25,3000,28,True,False,True,1000000000.0,7,True,15
29,10000000.0,416869.3834703355,-1.7,26.25,3000,29,True,False,True,1000000000.0,7,True,15
30,10000000.0,416869.3834703355,-1.7,26.25,3000,30,True,False,True,1000000000.0,7,True,15
31,10000000.0,416869.3834703355,-1.7,26.25,3000,31,True,False,True,1000000000.0,7,True,15
32,10000000.0,416869.3834703355,-1.7,26.25,3000,32,True,False,True,1000000000.0,7,True,15
33,10000000.0,416869.3834703355,-1.7,26.25,3000,33,True,False,True,1000000000.0,7,True,15
34,10000000.0,416869.3834703355,-1.7,26.25,3000,34,True,False,True,1000000000.0,7,True,15
35,10000000.0,416869.3834703355,-1.7,26.25,3000,35,True,False,True,1000000000.0,7,True,15
36,10000000.0,416869.3834703355,-1.7,26.25,3000,36,True,False,True,1000000000.0,7,True,15
37,10000000.0,416869.3834703355,-1.7,26.25,3000,37,True,False,True,1000000000.0,7,True,15
38,10000000.0,416869.3834703355,-1.7,26.25,3000,38,True,False,True,1000000000.0,7,True,15
39,10000000.0,416869.3834703355,-1.7,26.25,3000,39,True,False,True,1000000000.0,7,True,15
40,10000000.0,416869.3834703355,-1.7,26.25,3000,40,True,False,True,1000000000.0,7,True,15
41,10000000.0,416869.3834703355,-1.7,26.25,3000,41,True,False,True,1000000000.0,7,True,15
42,10000000.0,416869.3834703355,-1.7,26.25,3000,42,True,False,True,1000000000.0,7,True,15
43,10000000.0,416869.3834703355,-1.7,26.25,3000,43,True,False,True,1000000000.0,7,True,15
44,10000000.0,416869.3834703355,-1.7,26.25,3000,44,True,False,True,1000000000.0,7,True,15
45,10000000.0,416869.3834703355,-1.7,26.25,3000,45,True,False,True,1000000000.0,7,True,15
46,10000000.0,416869.3834703355,-1.7,26.25,3000,46,True,False,True,1000000000.0,7,True,15
47,10000000.0,416869.3834703355,-1.7,26.25,3000,47,True,False,True,1000000000.0,7,True,15
48,10000000.0,416869.3834703355,-1.7,26.25,3000,48,True,False,True,1000000000.0,7,True,15
49,10000000.0,416869.3834703355,-1.7,26.25,3000,49,True,False,True,1000000000.0,7,True,15
50,10000000.0,416869.3834703355,-1.7,26.25,3000,50,True,False,True,1000000000.0,7,True,15
51,10000000.0,416869.3834703355,-1.7,26.25,3000,51,True,False,True,1000000000.0,7,True,15
52,10000000.0,416869.3834703355,-1.7,26.25,3000,52,True,False,True,1000000000.0,7,True,15
53,10000000.0,416869.3834703355,-1.7,26.25,3000,53,True,False,True,1000000000.0,7,True,15
54,10000000.0,416869.3834703355,-1.7,26.25,3000,54,True,False,True,1000000000.0,7,True,15
55,10000000.0,416869.3834703355,-1.7,26.25,3000,55,True,False,True,1000000000.0,7,True,15
56,10000000.0,416869.3834703355,-1.7,26.25,3000,56,True,False,True,1000000000.0,7,True,15
57,10000000.0,416869.3834703355,-1.7,26.25,3000,57,True,False,True,1000000000.0,7,True,15
58,10000000.0,416869.3834703355,-1.7,26.25,3000,58,True,False,True,1000000000.0,7,True,15
59,10000000.0,416869.3834703355,-1.7,26.25,3000,59,True,False,True,1000000000.0,7,True,15
60,10000000.0,416869.3834703355,-1.7,26.25,3000,60,True,False,True,1000000000.0,7,True,15
61,10000000.0,416869.3834703355,-1.7,26.25,3000,61,True,False,True,1000000000.0,7,True,15
62,10000000.0,416869.3834703355,-1.7,26.25,3000,62,True,False,True,1000000000.0,7,True,15
63,10000000.0,416869.3834703355,-1.7,26.25,3000,63,True,False,True,1000000000.0,7,True,15
64,10000000.0,416869.3834703355,-1.7,26.25,3000,64,True,False,True,1000000000.0,7,True,15
65,10000000.0,416869.3834703355,-1.7,26.25,3000,65,True,False,True,1000000000.0,7,True,15
66,10000000.0,416869.3834703355,-1.7,26.25,3000,66,True,False,True,1000000000.0,7,True,15
67,10000000.0,416869.3834703355,-1.7,26.25,3000,67,True,False,True,1000000000.0,7,True,15
68,10000000.0,416869.3834703355,-1.7,26.25,3000,68,True,False,True,1000000000.0,7,True,15
69,10000000.0,416869.3834703355,-1.7,26.25,3000,69,True,False,True,1000000000.0,7,True,15
70,10000000.0,416869.3834703355,-1.7,26.25,3000,70,True,False,True,1000000000.0,7,True,15
71,10000000.0,416869.3834703355,-1.7,26.25,3000,71,True,False,True,1000000000.0,7,True,15
72,10000000.0,416869.3834703355,-1.7,26.25,3000,72,True,False,True,1000000000.0,7,True,15
73,10000000.0,416869.3834703355,-1.7,26.25,3000,73,True,False,True,1000000000.0,7,True,15
74,10000000.0,416869.3834703355,-1.7,26.25,3000,74,True,False,True,1000000000.0,7,True,15
75,10000000.0,416869.3834703355,-1.7,26.25,3000,75,True,False,True,1000000000.0,7,True,15
76,10000000.0,416869.3834703355,-1.7,26.25,3000,76,True,False,True,1000000000.0,7,True,15
77,10000000.0,416869.3834703355,-1.7,26.25,3000,77,True,False,True,1000000000.0,7,True,15
78,10000000.0,416869.3834703355,-1.7,26.25,3000,78,True,False,True,1000000000.0,7,True,15
79,10000000.0,416869.3834703355,-1.7,26.25,3000,79,True,False,True,1000000000.0,7,True,15
80,10000000.0,416869.3834703355,-1.7,26.25,3000,80,True,False,True,1000000000.0,7,True,15
81,10000000.0,416869.3834703355,-1.7,26.25,3000,81,True,False,True,1000000000.0,7,True,15
82,10000000.0,416869.3834703355,-1.7,26.25,3000,82,True,False,True,1000000000.0,7,True,15
83,10000000.0,416869.3834703355,-1.7,26.25,3000,83,True,False,True,1000000000.0,7,True,15
84,10000000.0,416869.3834703355,-1.7,26.25,3000,84,True,False,True,1000000000.0,7,True,15
85,10000000.0,416869.3834703355,-1.7,26.25,3000,85,True,False,True,1000000000.0,7,True,15
86,10000000.0,416869.3834703355,-1.7,26.25,3000,86,True,False,True,1000000000.0,7,True,15
87,10000000.0,416869.3834703355,-1.7,26.25,3000,87,True,False,True,1000000000.0,7,True,15
88,10000000.0,416869.3834703355,-1.7,26.25,3000,88,True,False,True,1000000000.0,7,True,15
89,10000000.0,416869.3834703355,-1.7,26.25,3000,89,True,False,True,1000000000.0,7,True,15
90,10000000.0,416869.3834703355,-1.7,26.25,3000,90,True,False,True,1000000000.0,7,True,15
91,10000000.0,416869.3834703355,-1.7,26.25,3000,91,True,False,True,1000000000.0,7,True,15
92,10000000.0,416869.3834703355,-1.7,26.25,3000,92,True,False,True,1000000000.0,7,True,15
93,10000000.0,416869.3834703355,-1.7,26.25,3000,93,True,False,True,1000000000.0,7,True,15
94,10000000.0,416869.3834703355,-1.7,26.25,3000,94,True,False,True,1000000000.0,7,True,15
95,10000000.0,416869.3834703355,-1.7,26.25,3000,95,True,False,True,1000000000.0,7,True,15
96,10000000.0,416869.3834703355,-1.7,26.25,3000,96,True,False,True,1000000000.0,7,True,15
97,10000000.0,416869.3834703355,-1.7,26.25,3000,97,True,False,True,1000000000.0,7,True,15
98,10000000.0,416869.3834703355,-1.7,26.25,3000,98,True,False,True,1000000000.0,7,True,15
99,10000000.0,416869.3834703355,-1.7,26.25,3000,99,True,False,True,1000000000.0,7,True,15
100,10000000.0,416869.3834703355,-1.7,26.25,3000,100,True,False,True,1000000000.0,7,True,15
101,10000000.0,4168693.834703355,-1.7,26.25,3000,1,True,False,True,1000000000.0,7,True,15
102,10000000.0,4168693.834703355,-1.7,26.25,3000,2,True,False,True,1000000000.0,7,True,15
103,10000000.0,4168693.834703355,-1.7,26.25,3000,3,True,False,True,1000000000.0,7,True,15
104,10000000.0,4168693.834703355,-1.7,26.25,3000,4,True,False,True,1000000000.0,7,True,15
105,10000000.0,4168693.834703355,-1.7,26.25,3000,5,True,False,True,1000000000.0,7,True,15
106,10000000.0,4168693.834703355,-1.7,26.25,3000,6,True,False,True,1000000000.0,7,True,15
107,10000000.0,4168693.834703355,-1.7,26.25,3000,7,True,False,True,1000000000.0,7,True,15
108,10000000.0,4168693.834703355,-1.7,26.25,3000,8,True,False,True,1000000000.0,7,True,15
109,10000000.0,4168693.834703355,-1.7,26.25,3000,9,True,False,True,1000000000.0,7,True,15
110,10000000.0,4168693.834703355,-1.7,26.25,3000,10,True,False,True,1000000000.0,7,True,15
111,10000000.0,4168693.834703355,-1.7,26.25,3000,11,True,False,True,1000000000.0,7,True,15
112,10000000.0,4168693.834703355,-1.7,26.25,3000,12,True,False,True,1000000000.0,7,True,15
113,10000000.0,4168693.834703355,-1.7,26.25,3000,13,True,False,True,1000000000.0,7,True,15
114,10000000.0,4168693.834703355,-1.7,26.25,3000,14,True,False,True,1000000000.0,7,True,15
115,10000000.0,4168693.834703355,-1.7,26.25,3000,15,True,False,True,1000000000.0,7,True,15
116,10000000.0,4168693.834703355,-1.7,26.25,3000,16,True,False,True,1000000000.0,7,True,15
117,10000000.0,4168693.834703355,-1.7,26.25,3000,17,True,False,True,1000000000.0,7,True,15
118,10000000.0,4168693.834703355,-1.7,26.25,3000,18,True,False,True,1000000000.0,7,True,15
119,10000000.0,4168693.834703355,-1.7,26.25,3000,19,True,False,True,1000000000.0,7,True,15
120,10000000.0,4168693.834703355,-1.7,26.25,3000,20,True,False,True,1000000000.0,7,True,15
121,10000000.0,4168693.834703355,-1.7,26.25,3000,21,True,False,True,1000000000.0,7,True,15
122,10000000.0,4168693.834703355,-1.7,26.25,3000,22,True,False,True,1000000000.0,7,True,15
123,10000000.0,4168693.834703355,-1.7,26.25,3000,23,True,False,True,1000000000.0,7,True,15
124,10000000.0,4168693.834703355,-1.7,26.25,3000,24,True,False,True,1000000000.0,7,True,15
125,10000000.0,4168693.834703355,-1.7,26.25,3000,25,True,False,True,1000000000.0,7,True,15
126,10000000.0,4168693.834703355,-1.7,26.25,3000,26,True,False,True,1000000000.0,7,True,15
127,10000000.0,4168693.834703355,-1.7,26.25,3000,27,True,False,True,1000000000.0,7,True,15
128,10000000.0,4168693.834703355,-1.7,26.25,3000,28,True,False,True,1000000000.0,7,True,15
129,10000000.0,4168693.834703355,-1.7,26.25,3000,29,True,False,True,1000000000.0,7,True,15
130,10000000.0,4168693.834703355,-1.7,26.25,3000,30,True,False,True,1000000000.0,7,True,15
131,10000000.0,4168693.834703355,-1.7,26.25,3000,31,True,False,True,1000000000.0,7,True,15
132,10000000.0,4168693.834703355,-1.7,26.25,3000,32,True,False,True,1000000000.0,7,True,15
133,10000000.0,4168693.834703355,-1.7,26.25,3000,33,True,False,True,1000000000.0,7,True,15
134,10000000.0,4168693.834703355,-1.7,26.25,3000,34,True,False,True,1000000000.0,7,True,15
135,10000000.0,4168693.834703355,-1.7,26.25,3000,35,True,False,True,1000000000.0,7,True,15
136,10000000.0,4168693.834703355,-1.7,26.25,3000,36,True,False,True,1000000000.0,7,True,15
137,10000000.0,4168693.834703355,-1.7,26.25,3000,37,True,False,True,1000000000.0,7,True,15
138,10000000.0,4168693.834703355,-1.7,26.25,3000,38,True,False,True,1000000000.0,7,True,15
139,10000000.0,4168693.834703355,-1.7,26.25,3000,39,True,False,True,1000000000.0,7,True,15
140,10000000.0,4168693.834703355,-1.7,26.25,3000,40,True,False,True,1000000000.0,7,True,15
141,10000000.0,4168693.834703355,-1.7,26.25,3000,41,True,False,True,1000000000.0,7,True,15
142,10000000.0,4168693.834703355,-1.7,26.25,3000,42,True,False,True,1000000000.0,7,True,15
143,10000000.0,4168693.834703355,-1.7,26.25,3000,43,True,False,True,1000000000.0,7,True,15
144,10000000.0,4168693.834703355,-1.7,26.25,3000,44,True,False,True,1000000000.0,7,True,15
145,10000000.0,4168693.834703355,-1.7,26.25,3000,45,True,False,True,1000000000.0,7,True,15
146,10000000.0,4168693.834703355,-1.7,26.25,3000,46,True,False,True,1000000000.0,7,True,15
147,10000000.0,4168693.834703355,-1.7,26.25,3000,47,True,False,True,1000000000.0,7,True,15
148,10000000.0,4168693.834703355,-1.7,26.25,3000,48,True,False,True,1000000000.0,7,True,15
149,10000000.0,4168693.834703355,-1.7,26.25,3000,49,True,False,True,1000000000.0,7,True,15
150,10000000.0,4168693.834703355,-1.7,26.25,3000,50,True,False,True,1000000000.0,7,True,15
151,10000000.0,4168693.834703355,-1.7,26.25,3000,51,True,False,True,1000000000.0,7,True,15
152,10000000.0,4168693.834703355,-1.7,26.25,3000,52,True,False,True,1000000000.0,7,True,15
153,10000000.0,4168693.834703355,-1.7,26.25,3000,53,True,False,True,1000000000.0,7,True,15
154,10000000.0,4168693.834703355,-1.7,26.25,3000,54,True,False,True,1000000000.0,7,True,15
155,10000000.0,4168693.834703355,-1.7,26.25,3000,55,True,False,True,1000000000.0,7,True,15
156,10000000.0,4168693.834703355,-1.7,26.25,3000,56,True,False,True,1000000000.0,7,True,15
157,10000000.0,4168693.834703355,-1.7,26.25,3000,57,True,False,True,1000000000.0,7,True,15
158,10000000.0,4168693.834703355,-1.7,26.25,3000,58,True,False,True,1000000000.0,7,True,15
159,10000000.0,4168693.834703355,-1.7,26.25,3000,59,True,False,True,1000000000.0,7,True,15
160,10000000.0,4168693.834703355,-1.7,26.25,3000,60,True,False,True,1000000000.0,7,True,15
161,10000000.0,4168693.834703355,-1.7,26.25,3000,61,True,False,True,1000000000.0,7,True,15
162,10000000.0,4168693.834703355,-1.7,26.25,3000,62,True,False,True,1000000000.0,7,True,15
163,10000000.0,4168693.834703355,-1.7,26.25,3000,63,True,False,True,1000000000.0,7,True,15
164,10000000.0,4168693.834703355,-1.7,26.25,3000,64,True,False,True,1000000000.0,7,True,15
165,10000000.0,4168693.834703355,-1.7,26.25,3000,65,True,False,True,1000000000.0,7,True,15
166,10000000.0,4168693.834703355,-1.7,26.25,3000,66,True,False,True,1000000000.0,7,True,15
167,10000000.0,4168693.834703355,-1.7,26.25,3000,67,True,False,True,1000000000.0,7,True,15
168,10000000.0,4168693.834703355,-1.7,26.25,3000,68,True,False,True,1000000000.0,7,True,15
169,10000000.0,4168693.834703355,-1.7,26.25,3000,69,True,False,True,1000000000.0,7,True,15
170,10000000.0,4168693.834703355,-1.7,26.25,3000,70,True,False,True,1000000000.0,7,True,15
171,10000000.0,4168693.834703355,-1.7,26.25,3000,71,True,False,True,1000000000.0,7,True,15
172,10000000.0,4168693.834703355,-1.7,26.25,3000,72,True,False,True,1000000000.0,7,True,15
173,10000000.0,4168693.834703355,-1.7,26.25,3000,73,True,False,True,1000000000.0,7,True,15
174,10000000.0,4168693.834703355,-1.7,26.25,3000,74,True,False,True,1000000000.0,7,True,15
175,10000000.0,4168693.834703355,-1.7,26.25,3000,75,True,False,True,1000000000.0,7,True,15
176,10000000.0,4168693.834703355,-1.7,26.25,3000,76,True,False,True,1000000000.0,7,True,15
177,10000000.0,4168693.834703355,-1.7,26.25,3000,77,True,False,True,1000000000.0,7,True,15
178,10000000.0,4168693.834703355,-1.7,26.25,3000,78,True,False,True,1000000000.0,7,True,15
179,10000000.0,4168693.834703355,-1.7,26.25,3000,79,True,False,True,1000000000.0,7,True,15
180,10000000.0,4168693.834703355,-1.7,26.25,3000,80,True,False,True,1000000000.0,7,True,15
181,10000000.0,4168693.834703355,-1.7,26.25,3000,81,True,False,True,1000000000.0,7,True,15
182,10000000.0,4168693.834703355,-1.7,26.25,3000,82,True,False,True,1000000000.0,7,True,15
183,10000000.0,4168693.834703355,-1.7,26.25,3000,83,True,False,True,1000000000.0,7,True,15
184,10000000.0,4168693.834703355,-1.7,26.25,3000,84,True,False,True,1000000000.0,7,True,15
185,10000000.0,4168693.834703355,-1.7,26.25,3000,85,True,False,True,1000000000.0,7,True,15
186,10000000.0,4168693.834703355,-1.7,26.25,3000,86,True,False,True,1000000000.0,7,True,15
187,10000000.0,4168693.834703355,-1.7,26.25,3000,87,True,False,True,1000000000.0,7,True,15
188,10000000.0,4168693.834703355,-1.7,26.25,3000,88,True,False,True,1000000000.0,7,True,15
189,10000000.0,4168693.834703355,-1.7,26.25,3000,89,True,False,True,1000000000.0,7,True,15
190,10000000.0,4168693.834703355,-1.7,26.25,3000,90,True,False,True,1000000000.0,7,True,15
191,10000000.0,4168693.834703355,-1.7,26.25,3000,91,True,False,True,1000000000.0,7,True,15
192,10000000.0,4168693.834703355,-1.7,26.25,3000,92,True,False,True,1000000000.0,7,True,15
193,10000000.0,4168693.834703355,-1.7,26.25,3000,93,True,False,True,1000000000.0,7,True,15
194,10000000.0,4168693.834703355,-1.7,26.25,3000,94,True,False,True,1000000000.0,7,True,15
195,10000000.0,4168693.834703355,-1.7,26.25,3000,95,True,False,True,1000000000.0,7,True,15
196,10000000.0,4168693.834703355,-1.7,26.25,3000,96,True,False,True,1000000000.0,7,True,15
197,10000000.0,4168693.834703355,-1.7,26.25,3000,97,True,False,True,1000000000.0,7,True,15
198,10000000.0,4168693.834703355,-1.7,26.25,3000,98,True,False,True,1000000000.0,7,True,15
199,10000000.0,4168693.834703355,-1.7,26.25,3000,99,True,False,True,1000000000.0,7,True,15
200,10000000.0,4168693.834703355,-1.7,26.25,3000,100,True,False,True,1000000000.0,7,True,15
201,10000000.0,41686938.34703355,-1.7,26.25,3000,1,True,False,True,1000000000.0,7,True,15
202,10000000.0,41686938.34703355,-1.7,26.25,3000,2,True,False,True,1000000000.0,7,True,15
203,10000000.0,41686938.34703355,-1.7,26.25,3000,3,True,False,True,1000000000.0,7,True,15
204,10000000.0,41686938.34703355,-1.7,26.25,3000,4,True,False,True,1000000000.0,7,True,15
205,10000000.0,41686938.34703355,-1.7,26.25,3000,5,True,False,True,1000000000.0,7,True,15
206,10000000.0,41686938.34703355,-1.7,26.25,3000,6,True,False,True,1000000000.0,7,True,15
207,10000000.0,41686938.34703355,-1.7,26.25,3000,7,True,False,True,1000000000.0,7,True,15
208,10000000.0,41686938.34703355,-1.7,26.25,3000,8,True,False,True,1000000000.0,7,True,15
209,10000000.0,41686938.34703355,-1.7,26.25,3000,9,True,False,True,1000000000.0,7,True,15
210,10000000.0,41686938.34703355,-1.7,26.25,3000,10,True,False,True,1000000000.0,7,True,15
211,10000000.0,41686938.34703355,-1.7,26.25,3000,11,True,False,True,1000000000.0,7,True,15
212,10000000.0,41686938.34703355,-1.7,26.25,3000,12,True,False,True,1000000000.0,7,True,15
213,10000000.0,41686938.34703355,-1.7,26.25,3000,13,True,False,True,1000000000.0,7,True,15
214,10000000.0,41686938.34703355,-1.7,26.25,3000,14,True,False,True,1000000000.0,7,True,15
215,10000000.0,41686938.34703355,-1.7,26.25,3000,15,True,False,True,1000000000.0,7,True,15
216,10000000.0,41686938.34703355,-1.7,26.25,3000,16,True,False,True,1000000000.0,7,True,15
217,10000000.0,41686938.34703355,-1.7,26.25,3000,17,True,False,True,1000000000.0,7,True,15
218,10000000.0,41686938.34703355,-1.7,26.25,3000,18,True,False,True,1000000000.0,7,True,15
219,10000000.0,41686938.34703355,-1.7,26.25,3000,19,True,False,True,1000000000.0,7,True,15
220,10000000.0,41686938.34703355,-1.7,26.25,3000,20,True,False,True,1000000000.0,7,True,15
221,10000000.0,41686938.34703355,-1.7,26.25,3000,21,True,False,True,1000000000.0,7,True,15
222,10000000.0,41686938.34703355,-1.7,26.25,3000,22,True,False,True,1000000000.0,7,True,15
223,10000000.0,41686938.34703355,-1.7,26.25,3000,23,True,False,True,1000000000.0,7,True,15
224,10000000.0,41686938.34703355,-1.7,26.25,3000,24,True,False,True,1000000000.0,7,True,15
225,10000000.0,41686938.34703355,-1.7,26.25,3000,25,True,False,True,1000000000.0,7,True,15
226,10000000.0,41686938.34703355,-1.7,26.25,3000,26,True,False,True,1000000000.0,7,True,15
227,10000000.0,41686938.34703355,-1.7,26.25,3000,27,True,False,True,1000000000.0,7,True,15
228,10000000.0,41686938.34703355,-1.7,26.25,3000,28,True,False,True,1000000000.0,7,True,15
229,10000000.0,41686938.34703355,-1.7,26.25,3000,29,True,False,True,1000000000.0,7,True,15
230,10000000.0,41686938.34703355,-1.7,26.25,3000,30,True,False,True,1000000000.0,7,True,15
231,10000000.0,41686938.34703355,-1.7,26.25,3000,31,True,False,True,1000000000.0,7,True,15
232,10000000.0,41686938.34703355,-1.7,26.25,3000,32,True,False,True,1000000000.0,7,True,15
233,10000000.0,41686938.34703355,-1.7,26.25,3000,33,True,False,True,1000000000.0,7,True,15
234,10000000.0,41686938.34703355,-1.7,26.25,3000,34,True,False,True,1000000000.0,7,True,15
235,10000000.0,41686938.34703355,-1.7,26.25,3000,35,True,False,True,1000000000.0,7,True,15
236,10000000.0,41686938.34703355,-1.7,26.25,3000,36,True,False,True,1000000000.0,7,True,15
237,10000000.0,41686938.34703355,-1.7,26.25,3000,37,True,False,True,1000000000.0,7,True,15
238,10000000.0,41686938.34703355,-1.7,26.25,3000,38,True,False,True,1000000000.0,7,True,15
239,10000000.0,41686938.34703355,-1.7,26.25,3000,39,True,False,True,1000000000.0,7,True,15
240,10000000.0,41686938.34703355,-1.7,26.25,3000,40,True,False,True,1000000000.0,7,True,15
241,10000000.0,41686938.34703355,-1.7,26.25,3000,41,True,False,True,1000000000.0,7,True,15
242,10000000.0,41686938.34703355,-1.7,26.25,3000,42,True,False,True,1000000000.0,7,True,15
243,10000000.0,41686938.34703355,-1.7,26.25,3000,43,True,False,True,1000000000.0,7,True,15
244,10000000.0,41686938.34703355,-1.7,26.25,3000,44,True,False,True,1000000000.0,7,True,15
245,10000000.0,41686938.34703355,-1.7,26.25,3000,45,True,False,True,1000000000.0,7,True,15
246,10000000.0,41686938.34703355,-1.7,26.25,3000,46,True,False,True,1000000000.0,7,True,15
247,10000000.0,41686938.34703355,-1.7,26.25,3000,47,True,False,True,1000000000.0,7,True,15
248,10000000.0,41686938.34703355,-1.7,26.25,3000,48,True,False,True,1000000000.0,7,True,15
249,10000000.0,41686938.34703355,-1.7,26.25,3000,49,True,False,True,1000000000.0,7,True,15
250,10000000.0,41686938.34703355,-1.7,26.25,3000,50,True,False,True,1000000000.0,7,True,15
251,10000000.0,41686938.34703355,-1.7,26.25,3000,51,True,False,True,1000000000.0,7,True,15
252,10000000.0,41686938.34703355,-1.7,26.25,3000,52,True,False,True,1000000000.0,7,True,15
253,10000000.0,41686938.34703355,-1.7,26.25,3000,53,True,False,True,1000000000.0,7,True,15
254,10000000.0,41686938.34703355,-1.7,26.25,3000,54,True,False,True,1000000000.0,7,True,15
255,10000000.0,41686938.34703355,-1.7,26.25,3000,55,True,False,True,1000000000.0,7,True,15
256,10000000.0,41686938.34703355,-1.7,26.25,3000,56,True,False,True,1000000000.0,7,True,15
257,10000000.0,41686938.34703355,-1.7,26.25,3000,57,True,False,True,1000000000.0,7,True,15
258,10000000.0,41686938.34703355,-1.7,26.25,3000,58,True,False,True,1000000000.0,7,True,15
259,10000000.0,41686938.34703355,-1.7,26.25,3000,59,True,False,True,1000000000.0,7,True,15
260,10000000.0,41686938.34703355,-1.7,26.25,3000,60,True,False,True,1000000000.0,7,True,15
261,10000000.0,41686938.34703355,-1.7,26.25,3000,61,True,False,True,1000000000.0,7,True,15
262,10000000.0,41686938.34703355,-1.7,26.25,3000,62,True,False,True,1000000000.0,7,True,15
263,10000000.0,41686938.34703355,-1.7,26.25,3000,63,True,False,True,1000000000.0,7,True,15
264,10000000.0,41686938.34703355,-1.7,26.25,3000,64,True,False,True,1000000000.0,7,True,15
265,10000000.0,41686938.34703355,-1.7,26.25,3000,65,True,False,True,1000000000.0,7,True,15
266,10000000.0,41686938.34703355,-1.7,26.25,3000,66,True,False,True,1000000000.0,7,True,15
267,10000000.0,41686938.34703355,-1.7,26.25,3000,67,True,False,True,1000000000.0,7,True,15
268,10000000.0,41686938.34703355,-1.7,26.25,3000,68,True,False,True,1000000000.0,7,True,15
269,10000000.0,41686938.34703355,-1.7,26.25,3000,69,True,False,True,1000000000.0,7,True,15
270,10000000.0,41686938.34703355,-1.7,26.25,3000,70,True,False,True,1000000000.0,7,True,15
271,10000000.0,41686938.34703355,-1.7,26.25,3000,71,True,False,True,1000000000.0,7,True,15
272,10000000.0,41686938.34703355,-1.7,26.25,3000,72,True,False,True,1000000000.0,7,True,15
273,10000000.0,41686938.34703355,-1.7,26.25,3000,73,True,False,True,1000000000.0,7,True,15
274,10000000.0,41686938.34703355,-1.7,26.25,3000,74,True,False,True,1000000000.0,7,True,15
275,10000000.0,41686938.34703355,-1.7,26.25,3000,75,True,False,True,1000000000.0,7,True,15
276,10000000.0,41686938.34703355,-1.7,26.25,3000,76,True,False,True,1000000000.0,7,True,15
277,10000000.0,41686938.34703355,-1.7,26.25,3000,77,True,False,True,1000000000.0,7,True,15
278,10000000.0,41686938.34703355,-1.7,26.25,3000,78,True,False,True,1000000000.0,7,True,15
279,10000000.0,41686938.34703355,-1.7,26.25,3000,79,True,False,True,1000000000.0,7,True,15
280,10000000.0,41686938.34703355,-1.7,26.25,3000,80,True,False,True,1000000000.0,7,True,15
281,10000000.0,41686938.34703355,-1.7,26.25,3000,81,True,False,True,1000000000.0,7,True,15
282,10000000.0,41686938.34703355,-1.7,26.25,3000,82,True,False,True,1000000000.0,7,True,15
283,10000000.0,41686938.34703355,-1.7,26.25,3000,83,True,False,True,1000000000.0,7,True,15
284,10000000.0,41686938.34703355,-1.7,26.25,3000,84,True,False,True,1000000000.0,7,True,15
285,10000000.0,41686938.34703355,-1.7,26.25,3000,85,True,False,True,1000000000.0,7,True,15
286,10000000.0,41686938.34703355,-1.7,26.25,3000,86,True,False,True,1000000000.0,7,True,15
287,10000000.0,41686938.34703355,-1.7,26.25,3000,87,True,False,True,1000000000.0,7,True,15
288,10000000.0,41686938.34703355,-1.7,26.25,3000,88,True,False,True,1000000000.0,7,True,15
289,10000000.0,41686938.34703355,-1.7,26.25,3000,89,True,False,True,1000000000.0,7,True,15
290,10000000.0,41686938.34703355,-1.7,26.25,3000,90,True,False,True,1000000000.0,7,True,15
291,10000000.0,41686938.34703355,-1.7,26.25,3000,91,True,False,True,1000000000.0,7,True,15
292,10000000.0,41686938.34703355,-1.7,26.25,3000,92,True,False,True,1000000000.0,7,True,15
293,10000000.0,41686938.34703355,-1.7,26.25,3000,93,True,False,True,1000000000.0,7,True,15
294,10000000.0,41686938.34703355,-1.7,26.25,3000,94,True,False,True,1000000000.0,7,True,15
295,10000000.0,41686938.34703355,-1.7,26.25,3000,95,True,False,True,1000000000.0,7,True,15
296,10000000.0,41686938.34703355,-1.7,26.25,3000,96,True,False,True,1000000000.0,7,True,15
297,10000000.0,41686938.34703355,-1.7,26.25,3000,97,True,False,True,1000000000.0,7,True,15
298,10000000.0,41686938.34703355,-1.7,26.25,3000,98,True,False,True,1000000000.0,7,True,15
299,10000000.0,41686938.34703355,-1.7,26.25,3000,99,True,False,True,1000000000.0,7,True,15
300,10000000.0,41686938.34703355,-1.7,26.25,3000,100,True,False,True,1000000000.0,7,True,15
