task_id,M0,rhoh0,FeH,rg,tend,seed,rantala_imbh_seed,extended_imf,galpy_potential,M_vir,c_halo
1,10000000.0,416869.3834703355,-1.7,26.25,3000,1,True,True,True,1000000000.0,20
2,10000000.0,416869.3834703355,-1.7,26.25,3000,2,True,True,True,1000000000.0,20
3,10000000.0,416869.3834703355,-1.7,26.25,3000,3,True,True,True,1000000000.0,20
4,10000000.0,416869.3834703355,-1.7,26.25,3000,4,True,True,True,1000000000.0,20
5,10000000.0,416869.3834703355,-1.7,26.25,3000,5,True,True,True,1000000000.0,20
6,10000000.0,416869.3834703355,-1.7,26.25,3000,6,True,True,True,1000000000.0,20
7,10000000.0,416869.3834703355,-1.7,26.25,3000,7,True,True,True,1000000000.0,20
8,10000000.0,416869.3834703355,-1.7,26.25,3000,8,True,True,True,1000000000.0,20
9,10000000.0,416869.3834703355,-1.7,26.25,3000,9,True,True,True,1000000000.0,20
10,10000000.0,416869.3834703355,-1.7,26.25,3000,10,True,True,True,1000000000.0,20
11,10000000.0,416869.3834703355,-1.7,26.25,3000,11,True,True,True,1000000000.0,20
12,10000000.0,416869.3834703355,-1.7,26.25,3000,12,True,True,True,1000000000.0,20
13,10000000.0,416869.3834703355,-1.7,26.25,3000,13,True,True,True,1000000000.0,20
14,10000000.0,416869.3834703355,-1.7,26.25,3000,14,True,True,True,1000000000.0,20
15,10000000.0,416869.3834703355,-1.7,26.25,3000,15,True,True,True,1000000000.0,20
16,10000000.0,416869.3834703355,-1.7,26.25,3000,16,True,True,True,1000000000.0,20
17,10000000.0,416869.3834703355,-1.7,26.25,3000,17,True,True,True,1000000000.0,20
18,10000000.0,416869.3834703355,-1.7,26.25,3000,18,True,True,True,1000000000.0,20
19,10000000.0,416869.3834703355,-1.7,26.25,3000,19,True,True,True,1000000000.0,20
20,10000000.0,416869.3834703355,-1.7,26.25,3000,20,True,True,True,1000000000.0,20
21,10000000.0,416869.3834703355,-1.7,26.25,3000,21,True,True,True,1000000000.0,20
22,10000000.0,416869.3834703355,-1.7,26.25,3000,22,True,True,True,1000000000.0,20
23,10000000.0,416869.3834703355,-1.7,26.25,3000,23,True,True,True,1000000000.0,20
24,10000000.0,416869.3834703355,-1.7,26.25,3000,24,True,True,True,1000000000.0,20
25,10000000.0,416869.3834703355,-1.7,26.25,3000,25,True,True,True,1000000000.0,20
26,10000000.0,416869.3834703355,-1.7,26.25,3000,26,True,True,True,1000000000.0,20
27,10000000.0,416869.3834703355,-1.7,26.25,3000,27,True,True,True,1000000000.0,20
28,10000000.0,416869.3834703355,-1.7,26.25,3000,28,True,True,True,1000000000.0,20
29,10000000.0,416869.3834703355,-1.7,26.25,3000,29,True,True,True,1000000000.0,20
30,10000000.0,416869.3834703355,-1.7,26.25,3000,30,True,True,True,1000000000.0,20
31,10000000.0,416869.3834703355,-1.7,26.25,3000,31,True,True,True,1000000000.0,20
32,10000000.0,416869.3834703355,-1.7,26.25,3000,32,True,True,True,1000000000.0,20
33,10000000.0,416869.3834703355,-1.7,26.25,3000,33,True,True,True,1000000000.0,20
34,10000000.0,416869.3834703355,-1.7,26.25,3000,34,True,True,True,1000000000.0,20
35,10000000.0,416869.3834703355,-1.7,26.25,3000,35,True,True,True,1000000000.0,20
36,10000000.0,416869.3834703355,-1.7,26.25,3000,36,True,True,True,1000000000.0,20
37,10000000.0,416869.3834703355,-1.7,26.25,3000,37,True,True,True,1000000000.0,20
38,10000000.0,416869.3834703355,-1.7,26.25,3000,38,True,True,True,1000000000.0,20
39,10000000.0,416869.3834703355,-1.7,26.25,3000,39,True,True,True,1000000000.0,20
40,10000000.0,416869.3834703355,-1.7,26.25,3000,40,True,True,True,1000000000.0,20
41,10000000.0,416869.3834703355,-1.7,26.25,3000,41,True,True,True,1000000000.0,20
42,10000000.0,416869.3834703355,-1.7,26.25,3000,42,True,True,True,1000000000.0,20
43,10000000.0,416869.3834703355,-1.7,26.25,3000,43,True,True,True,1000000000.0,20
44,10000000.0,416869.3834703355,-1.7,26.25,3000,44,True,True,True,1000000000.0,20
45,10000000.0,416869.3834703355,-1.7,26.25,3000,45,True,True,True,1000000000.0,20
46,10000000.0,416869.3834703355,-1.7,26.25,3000,46,True,True,True,1000000000.0,20
47,10000000.0,416869.3834703355,-1.7,26.25,3000,47,True,True,True,1000000000.0,20
48,10000000.0,416869.3834703355,-1.7,26.25,3000,48,True,True,True,1000000000.0,20
49,10000000.0,416869.3834703355,-1.7,26.25,3000,49,True,True,True,1000000000.0,20
50,10000000.0,416869.3834703355,-1.7,26.25,3000,50,True,True,True,1000000000.0,20
51,10000000.0,416869.3834703355,-1.7,26.25,3000,51,True,True,True,1000000000.0,20
52,10000000.0,416869.3834703355,-1.7,26.25,3000,52,True,True,True,1000000000.0,20
53,10000000.0,416869.3834703355,-1.7,26.25,3000,53,True,True,True,1000000000.0,20
54,10000000.0,416869.3834703355,-1.7,26.25,3000,54,True,True,True,1000000000.0,20
55,10000000.0,416869.3834703355,-1.7,26.25,3000,55,True,True,True,1000000000.0,20
56,10000000.0,416869.3834703355,-1.7,26.25,3000,56,True,True,True,1000000000.0,20
57,10000000.0,416869.3834703355,-1.7,26.25,3000,57,True,True,True,1000000000.0,20
58,10000000.0,416869.3834703355,-1.7,26.25,3000,58,True,True,True,1000000000.0,20
59,10000000.0,416869.3834703355,-1.7,26.25,3000,59,True,True,True,1000000000.0,20
60,10000000.0,416869.3834703355,-1.7,26.25,3000,60,True,True,True,1000000000.0,20
61,10000000.0,416869.3834703355,-1.7,26.25,3000,61,True,True,True,1000000000.0,20
62,10000000.0,416869.3834703355,-1.7,26.25,3000,62,True,True,True,1000000000.0,20
63,10000000.0,416869.3834703355,-1.7,26.25,3000,63,True,True,True,1000000000.0,20
64,10000000.0,416869.3834703355,-1.7,26.25,3000,64,True,True,True,1000000000.0,20
65,10000000.0,416869.3834703355,-1.7,26.25,3000,65,True,True,True,1000000000.0,20
66,10000000.0,416869.3834703355,-1.7,26.25,3000,66,True,True,True,1000000000.0,20
67,10000000.0,416869.3834703355,-1.7,26.25,3000,67,True,True,True,1000000000.0,20
68,10000000.0,416869.3834703355,-1.7,26.25,3000,68,True,True,True,1000000000.0,20
69,10000000.0,416869.3834703355,-1.7,26.25,3000,69,True,True,True,1000000000.0,20
70,10000000.0,416869.3834703355,-1.7,26.25,3000,70,True,True,True,1000000000.0,20
71,10000000.0,416869.3834703355,-1.7,26.25,3000,71,True,True,True,1000000000.0,20
72,10000000.0,416869.3834703355,-1.7,26.25,3000,72,True,True,True,1000000000.0,20
73,10000000.0,416869.3834703355,-1.7,26.25,3000,73,True,True,True,1000000000.0,20
74,10000000.0,416869.3834703355,-1.7,26.25,3000,74,True,True,True,1000000000.0,20
75,10000000.0,416869.3834703355,-1.7,26.25,3000,75,True,True,True,1000000000.0,20
76,10000000.0,416869.3834703355,-1.7,26.25,3000,76,True,True,True,1000000000.0,20
77,10000000.0,416869.3834703355,-1.7,26.25,3000,77,True,True,True,1000000000.0,20
78,10000000.0,416869.3834703355,-1.7,26.25,3000,78,True,True,True,1000000000.0,20
79,10000000.0,416869.3834703355,-1.7,26.25,3000,79,True,True,True,1000000000.0,20
80,10000000.0,416869.3834703355,-1.7,26.25,3000,80,True,True,True,1000000000.0,20
81,10000000.0,416869.3834703355,-1.7,26.25,3000,81,True,True,True,1000000000.0,20
82,10000000.0,416869.3834703355,-1.7,26.25,3000,82,True,True,True,1000000000.0,20
83,10000000.0,416869.3834703355,-1.7,26.25,3000,83,True,True,True,1000000000.0,20
84,10000000.0,416869.3834703355,-1.7,26.25,3000,84,True,True,True,1000000000.0,20
85,10000000.0,416869.3834703355,-1.7,26.25,3000,85,True,True,True,1000000000.0,20
86,10000000.0,416869.3834703355,-1.7,26.25,3000,86,True,True,True,1000000000.0,20
87,10000000.0,416869.3834703355,-1.7,26.25,3000,87,True,True,True,1000000000.0,20
88,10000000.0,416869.3834703355,-1.7,26.25,3000,88,True,True,True,1000000000.0,20
89,10000000.0,416869.3834703355,-1.7,26.25,3000,89,True,True,True,1000000000.0,20
90,10000000.0,416869.3834703355,-1.7,26.25,3000,90,True,True,True,1000000000.0,20
91,10000000.0,416869.3834703355,-1.7,26.25,3000,91,True,True,True,1000000000.0,20
92,10000000.0,416869.3834703355,-1.7,26.25,3000,92,True,True,True,1000000000.0,20
93,10000000.0,416869.3834703355,-1.7,26.25,3000,93,True,True,True,1000000000.0,20
94,10000000.0,416869.3834703355,-1.7,26.25,3000,94,True,True,True,1000000000.0,20
95,10000000.0,416869.3834703355,-1.7,26.25,3000,95,True,True,True,1000000000.0,20
96,10000000.0,416869.3834703355,-1.7,26.25,3000,96,True,True,True,1000000000.0,20
97,10000000.0,416869.3834703355,-1.7,26.25,3000,97,True,True,True,1000000000.0,20
98,10000000.0,416869.3834703355,-1.7,26.25,3000,98,True,True,True,1000000000.0,20
99,10000000.0,416869.3834703355,-1.7,26.25,3000,99,True,True,True,1000000000.0,20
100,10000000.0,416869.3834703355,-1.7,26.25,3000,100,True,True,True,1000000000.0,20
101,10000000.0,416869.3834703355,-1.7,26.25,3000,101,True,True,True,1000000000.0,20
102,10000000.0,416869.3834703355,-1.7,26.25,3000,102,True,True,True,1000000000.0,20
103,10000000.0,416869.3834703355,-1.7,26.25,3000,103,True,True,True,1000000000.0,20
104,10000000.0,416869.3834703355,-1.7,26.25,3000,104,True,True,True,1000000000.0,20
105,10000000.0,416869.3834703355,-1.7,26.25,3000,105,True,True,True,1000000000.0,20
106,10000000.0,416869.3834703355,-1.7,26.25,3000,106,True,True,True,1000000000.0,20
107,10000000.0,416869.3834703355,-1.7,26.25,3000,107,True,True,True,1000000000.0,20
108,10000000.0,416869.3834703355,-1.7,26.25,3000,108,True,True,True,1000000000.0,20
109,10000000.0,416869.3834703355,-1.7,26.25,3000,109,True,True,True,1000000000.0,20
110,10000000.0,416869.3834703355,-1.7,26.25,3000,110,True,True,True,1000000000.0,20
111,10000000.0,416869.3834703355,-1.7,26.25,3000,111,True,True,True,1000000000.0,20
112,10000000.0,416869.3834703355,-1.7,26.25,3000,112,True,True,True,1000000000.0,20
113,10000000.0,416869.3834703355,-1.7,26.25,3000,113,True,True,True,1000000000.0,20
114,10000000.0,416869.3834703355,-1.7,26.25,3000,114,True,True,True,1000000000.0,20
115,10000000.0,416869.3834703355,-1.7,26.25,3000,115,True,True,True,1000000000.0,20
116,10000000.0,416869.3834703355,-1.7,26.25,3000,116,True,True,True,1000000000.0,20
117,10000000.0,416869.3834703355,-1.7,26.25,3000,117,True,True,True,1000000000.0,20
118,10000000.0,416869.3834703355,-1.7,26.25,3000,118,True,True,True,1000000000.0,20
119,10000000.0,416869.3834703355,-1.7,26.25,3000,119,True,True,True,1000000000.0,20
120,10000000.0,416869.3834703355,-1.7,26.25,3000,120,True,True,True,1000000000.0,20
121,10000000.0,416869.3834703355,-1.7,26.25,3000,121,True,True,True,1000000000.0,20
122,10000000.0,416869.3834703355,-1.7,26.25,3000,122,True,True,True,1000000000.0,20
123,10000000.0,416869.3834703355,-1.7,26.25,3000,123,True,True,True,1000000000.0,20
124,10000000.0,416869.3834703355,-1.7,26.25,3000,124,True,True,True,1000000000.0,20
125,10000000.0,416869.3834703355,-1.7,26.25,3000,125,True,True,True,1000000000.0,20
126,10000000.0,416869.3834703355,-1.7,26.25,3000,126,True,True,True,1000000000.0,20
127,10000000.0,416869.3834703355,-1.7,26.25,3000,127,True,True,True,1000000000.0,20
128,10000000.0,416869.3834703355,-1.7,26.25,3000,128,True,True,True,1000000000.0,20
129,10000000.0,416869.3834703355,-1.7,26.25,3000,129,True,True,True,1000000000.0,20
130,10000000.0,416869.3834703355,-1.7,26.25,3000,130,True,True,True,1000000000.0,20
131,10000000.0,416869.3834703355,-1.7,26.25,3000,131,True,True,True,1000000000.0,20
132,10000000.0,416869.3834703355,-1.7,26.25,3000,132,True,True,True,1000000000.0,20
133,10000000.0,416869.3834703355,-1.7,26.25,3000,133,True,True,True,1000000000.0,20
134,10000000.0,416869.3834703355,-1.7,26.25,3000,134,True,True,True,1000000000.0,20
135,10000000.0,416869.3834703355,-1.7,26.25,3000,135,True,True,True,1000000000.0,20
136,10000000.0,416869.3834703355,-1.7,26.25,3000,136,True,True,True,1000000000.0,20
137,10000000.0,416869.3834703355,-1.7,26.25,3000,137,True,True,True,1000000000.0,20
138,10000000.0,416869.3834703355,-1.7,26.25,3000,138,True,True,True,1000000000.0,20
139,10000000.0,416869.3834703355,-1.7,26.25,3000,139,True,True,True,1000000000.0,20
140,10000000.0,416869.3834703355,-1.7,26.25,3000,140,True,True,True,1000000000.0,20
141,10000000.0,416869.3834703355,-1.7,26.25,3000,141,True,True,True,1000000000.0,20
142,10000000.0,416869.3834703355,-1.7,26.25,3000,142,True,True,True,1000000000.0,20
143,10000000.0,416869.3834703355,-1.7,26.25,3000,143,True,True,True,1000000000.0,20
144,10000000.0,416869.3834703355,-1.7,26.25,3000,144,True,True,True,1000000000.0,20
145,10000000.0,416869.3834703355,-1.7,26.25,3000,145,True,True,True,1000000000.0,20
146,10000000.0,416869.3834703355,-1.7,26.25,3000,146,True,True,True,1000000000.0,20
147,10000000.0,416869.3834703355,-1.7,26.25,3000,147,True,True,True,1000000000.0,20
148,10000000.0,416869.3834703355,-1.7,26.25,3000,148,True,True,True,1000000000.0,20
149,10000000.0,416869.3834703355,-1.7,26.25,3000,149,True,True,True,1000000000.0,20
150,10000000.0,416869.3834703355,-1.7,26.25,3000,150,True,True,True,1000000000.0,20
151,10000000.0,416869.3834703355,-1.7,26.25,3000,151,True,True,True,1000000000.0,20
152,10000000.0,416869.3834703355,-1.7,26.25,3000,152,True,True,True,1000000000.0,20
153,10000000.0,416869.3834703355,-1.7,26.25,3000,153,True,True,True,1000000000.0,20
154,10000000.0,416869.3834703355,-1.7,26.25,3000,154,True,True,True,1000000000.0,20
155,10000000.0,416869.3834703355,-1.7,26.25,3000,155,True,True,True,1000000000.0,20
156,10000000.0,416869.3834703355,-1.7,26.25,3000,156,True,True,True,1000000000.0,20
157,10000000.0,416869.3834703355,-1.7,26.25,3000,157,True,True,True,1000000000.0,20
158,10000000.0,416869.3834703355,-1.7,26.25,3000,158,True,True,True,1000000000.0,20
159,10000000.0,416869.3834703355,-1.7,26.25,3000,159,True,True,True,1000000000.0,20
160,10000000.0,416869.3834703355,-1.7,26.25,3000,160,True,True,True,1000000000.0,20
161,10000000.0,416869.3834703355,-1.7,26.25,3000,161,True,True,True,1000000000.0,20
162,10000000.0,416869.3834703355,-1.7,26.25,3000,162,True,True,True,1000000000.0,20
163,10000000.0,416869.3834703355,-1.7,26.25,3000,163,True,True,True,1000000000.0,20
164,10000000.0,416869.3834703355,-1.7,26.25,3000,164,True,True,True,1000000000.0,20
165,10000000.0,416869.3834703355,-1.7,26.25,3000,165,True,True,True,1000000000.0,20
166,10000000.0,416869.3834703355,-1.7,26.25,3000,166,True,True,True,1000000000.0,20
167,10000000.0,416869.3834703355,-1.7,26.25,3000,167,True,True,True,1000000000.0,20
168,10000000.0,416869.3834703355,-1.7,26.25,3000,168,True,True,True,1000000000.0,20
169,10000000.0,416869.3834703355,-1.7,26.25,3000,169,True,True,True,1000000000.0,20
170,10000000.0,416869.3834703355,-1.7,26.25,3000,170,True,True,True,1000000000.0,20
171,10000000.0,416869.3834703355,-1.7,26.25,3000,171,True,True,True,1000000000.0,20
172,10000000.0,416869.3834703355,-1.7,26.25,3000,172,True,True,True,1000000000.0,20
173,10000000.0,416869.3834703355,-1.7,26.25,3000,173,True,True,True,1000000000.0,20
174,10000000.0,416869.3834703355,-1.7,26.25,3000,174,True,True,True,1000000000.0,20
175,10000000.0,416869.3834703355,-1.7,26.25,3000,175,True,True,True,1000000000.0,20
176,10000000.0,416869.3834703355,-1.7,26.25,3000,176,True,True,True,1000000000.0,20
177,10000000.0,416869.3834703355,-1.7,26.25,3000,177,True,True,True,1000000000.0,20
178,10000000.0,416869.3834703355,-1.7,26.25,3000,178,True,True,True,1000000000.0,20
179,10000000.0,416869.3834703355,-1.7,26.25,3000,179,True,True,True,1000000000.0,20
180,10000000.0,416869.3834703355,-1.7,26.25,3000,180,True,True,True,1000000000.0,20
181,10000000.0,416869.3834703355,-1.7,26.25,3000,181,True,True,True,1000000000.0,20
182,10000000.0,416869.3834703355,-1.7,26.25,3000,182,True,True,True,1000000000.0,20
183,10000000.0,416869.3834703355,-1.7,26.25,3000,183,True,True,True,1000000000.0,20
184,10000000.0,416869.3834703355,-1.7,26.25,3000,184,True,True,True,1000000000.0,20
185,10000000.0,416869.3834703355,-1.7,26.25,3000,185,True,True,True,1000000000.0,20
186,10000000.0,416869.3834703355,-1.7,26.25,3000,186,True,True,True,1000000000.0,20
187,10000000.0,416869.3834703355,-1.7,26.25,3000,187,True,True,True,1000000000.0,20
188,10000000.0,416869.3834703355,-1.7,26.25,3000,188,True,True,True,1000000000.0,20
189,10000000.0,416869.3834703355,-1.7,26.25,3000,189,True,True,True,1000000000.0,20
190,10000000.0,416869.3834703355,-1.7,26.25,3000,190,True,True,True,1000000000.0,20
191,10000000.0,416869.3834703355,-1.7,26.25,3000,191,True,True,True,1000000000.0,20
192,10000000.0,416869.3834703355,-1.7,26.25,3000,192,True,True,True,1000000000.0,20
193,10000000.0,416869.3834703355,-1.7,26.25,3000,193,True,True,True,1000000000.0,20
194,10000000.0,416869.3834703355,-1.7,26.25,3000,194,True,True,True,1000000000.0,20
195,10000000.0,416869.3834703355,-1.7,26.25,3000,195,True,True,True,1000000000.0,20
196,10000000.0,416869.3834703355,-1.7,26.25,3000,196,True,True,True,1000000000.0,20
197,10000000.0,416869.3834703355,-1.7,26.25,3000,197,True,True,True,1000000000.0,20
198,10000000.0,416869.3834703355,-1.7,26.25,3000,198,True,True,True,1000000000.0,20
199,10000000.0,416869.3834703355,-1.7,26.25,3000,199,True,True,True,1000000000.0,20
200,10000000.0,416869.3834703355,-1.7,26.25,3000,200,True,True,True,1000000000.0,20
201,10000000.0,416869.3834703355,-1.7,26.25,3000,201,True,True,True,1000000000.0,20
202,10000000.0,416869.3834703355,-1.7,26.25,3000,202,True,True,True,1000000000.0,20
203,10000000.0,416869.3834703355,-1.7,26.25,3000,203,True,True,True,1000000000.0,20
204,10000000.0,416869.3834703355,-1.7,26.25,3000,204,True,True,True,1000000000.0,20
205,10000000.0,416869.3834703355,-1.7,26.25,3000,205,True,True,True,1000000000.0,20
206,10000000.0,416869.3834703355,-1.7,26.25,3000,206,True,True,True,1000000000.0,20
207,10000000.0,416869.3834703355,-1.7,26.25,3000,207,True,True,True,1000000000.0,20
208,10000000.0,416869.3834703355,-1.7,26.25,3000,208,True,True,True,1000000000.0,20
209,10000000.0,416869.3834703355,-1.7,26.25,3000,209,True,True,True,1000000000.0,20
210,10000000.0,416869.3834703355,-1.7,26.25,3000,210,True,True,True,1000000000.0,20
211,10000000.0,416869.3834703355,-1.7,26.25,3000,211,True,True,True,1000000000.0,20
212,10000000.0,416869.3834703355,-1.7,26.25,3000,212,True,True,True,1000000000.0,20
213,10000000.0,416869.3834703355,-1.7,26.25,3000,213,True,True,True,1000000000.0,20
214,10000000.0,416869.3834703355,-1.7,26.25,3000,214,True,True,True,1000000000.0,20
215,10000000.0,416869.3834703355,-1.7,26.25,3000,215,True,True,True,1000000000.0,20
216,10000000.0,416869.3834703355,-1.7,26.25,3000,216,True,True,True,1000000000.0,20
217,10000000.0,416869.3834703355,-1.7,26.25,3000,217,True,True,True,1000000000.0,20
218,10000000.0,416869.3834703355,-1.7,26.25,3000,218,True,True,True,1000000000.0,20
219,10000000.0,416869.3834703355,-1.7,26.25,3000,219,True,True,True,1000000000.0,20
220,10000000.0,416869.3834703355,-1.7,26.25,3000,220,True,True,True,1000000000.0,20
221,10000000.0,416869.3834703355,-1.7,26.25,3000,221,True,True,True,1000000000.0,20
222,10000000.0,416869.3834703355,-1.7,26.25,3000,222,True,True,True,1000000000.0,20
223,10000000.0,416869.3834703355,-1.7,26.25,3000,223,True,True,True,1000000000.0,20
224,10000000.0,416869.3834703355,-1.7,26.25,3000,224,True,True,True,1000000000.0,20
225,10000000.0,416869.3834703355,-1.7,26.25,3000,225,True,True,True,1000000000.0,20
226,10000000.0,416869.3834703355,-1.7,26.25,3000,226,True,True,True,1000000000.0,20
227,10000000.0,416869.3834703355,-1.7,26.25,3000,227,True,True,True,1000000000.0,20
228,10000000.0,416869.3834703355,-1.7,26.25,3000,228,True,True,True,1000000000.0,20
229,10000000.0,416869.3834703355,-1.7,26.25,3000,229,True,True,True,1000000000.0,20
230,10000000.0,416869.3834703355,-1.7,26.25,3000,230,True,True,True,1000000000.0,20
231,10000000.0,416869.3834703355,-1.7,26.25,3000,231,True,True,True,1000000000.0,20
232,10000000.0,416869.3834703355,-1.7,26.25,3000,232,True,True,True,1000000000.0,20
233,10000000.0,416869.3834703355,-1.7,26.25,3000,233,True,True,True,1000000000.0,20
234,10000000.0,416869.3834703355,-1.7,26.25,3000,234,True,True,True,1000000000.0,20
235,10000000.0,416869.3834703355,-1.7,26.25,3000,235,True,True,True,1000000000.0,20
236,10000000.0,416869.3834703355,-1.7,26.25,3000,236,True,True,True,1000000000.0,20
237,10000000.0,416869.3834703355,-1.7,26.25,3000,237,True,True,True,1000000000.0,20
238,10000000.0,416869.3834703355,-1.7,26.25,3000,238,True,True,True,1000000000.0,20
239,10000000.0,416869.3834703355,-1.7,26.25,3000,239,True,True,True,1000000000.0,20
240,10000000.0,416869.3834703355,-1.7,26.25,3000,240,True,True,True,1000000000.0,20
241,10000000.0,416869.3834703355,-1.7,26.25,3000,241,True,True,True,1000000000.0,20
242,10000000.0,416869.3834703355,-1.7,26.25,3000,242,True,True,True,1000000000.0,20
243,10000000.0,416869.3834703355,-1.7,26.25,3000,243,True,True,True,1000000000.0,20
244,10000000.0,416869.3834703355,-1.7,26.25,3000,244,True,True,True,1000000000.0,20
245,10000000.0,416869.3834703355,-1.7,26.25,3000,245,True,True,True,1000000000.0,20
246,10000000.0,416869.3834703355,-1.7,26.25,3000,246,True,True,True,1000000000.0,20
247,10000000.0,416869.3834703355,-1.7,26.25,3000,247,True,True,True,1000000000.0,20
248,10000000.0,416869.3834703355,-1.7,26.25,3000,248,True,True,True,1000000000.0,20
249,10000000.0,416869.3834703355,-1.7,26.25,3000,249,True,True,True,1000000000.0,20
250,10000000.0,416869.3834703355,-1.7,26.25,3000,250,True,True,True,1000000000.0,20
251,10000000.0,416869.3834703355,-1.7,26.25,3000,251,True,True,True,1000000000.0,20
252,10000000.0,416869.3834703355,-1.7,26.25,3000,252,True,True,True,1000000000.0,20
253,10000000.0,416869.3834703355,-1.7,26.25,3000,253,True,True,True,1000000000.0,20
254,10000000.0,416869.3834703355,-1.7,26.25,3000,254,True,True,True,1000000000.0,20
255,10000000.0,416869.3834703355,-1.7,26.25,3000,255,True,True,True,1000000000.0,20
256,10000000.0,416869.3834703355,-1.7,26.25,3000,256,True,True,True,1000000000.0,20
257,10000000.0,416869.3834703355,-1.7,26.25,3000,257,True,True,True,1000000000.0,20
258,10000000.0,416869.3834703355,-1.7,26.25,3000,258,True,True,True,1000000000.0,20
259,10000000.0,416869.3834703355,-1.7,26.25,3000,259,True,True,True,1000000000.0,20
260,10000000.0,416869.3834703355,-1.7,26.25,3000,260,True,True,True,1000000000.0,20
261,10000000.0,416869.3834703355,-1.7,26.25,3000,261,True,True,True,1000000000.0,20
262,10000000.0,416869.3834703355,-1.7,26.25,3000,262,True,True,True,1000000000.0,20
263,10000000.0,416869.3834703355,-1.7,26.25,3000,263,True,True,True,1000000000.0,20
264,10000000.0,416869.3834703355,-1.7,26.25,3000,264,True,True,True,1000000000.0,20
265,10000000.0,416869.3834703355,-1.7,26.25,3000,265,True,True,True,1000000000.0,20
266,10000000.0,416869.3834703355,-1.7,26.25,3000,266,True,True,True,1000000000.0,20
267,10000000.0,416869.3834703355,-1.7,26.25,3000,267,True,True,True,1000000000.0,20
268,10000000.0,416869.3834703355,-1.7,26.25,3000,268,True,True,True,1000000000.0,20
269,10000000.0,416869.3834703355,-1.7,26.25,3000,269,True,True,True,1000000000.0,20
270,10000000.0,416869.3834703355,-1.7,26.25,3000,270,True,True,True,1000000000.0,20
271,10000000.0,416869.3834703355,-1.7,26.25,3000,271,True,True,True,1000000000.0,20
272,10000000.0,416869.3834703355,-1.7,26.25,3000,272,True,True,True,1000000000.0,20
273,10000000.0,416869.3834703355,-1.7,26.25,3000,273,True,True,True,1000000000.0,20
274,10000000.0,416869.3834703355,-1.7,26.25,3000,274,True,True,True,1000000000.0,20
275,10000000.0,416869.3834703355,-1.7,26.25,3000,275,True,True,True,1000000000.0,20
276,10000000.0,416869.3834703355,-1.7,26.25,3000,276,True,True,True,1000000000.0,20
277,10000000.0,416869.3834703355,-1.7,26.25,3000,277,True,True,True,1000000000.0,20
278,10000000.0,416869.3834703355,-1.7,26.25,3000,278,True,True,True,1000000000.0,20
279,10000000.0,416869.3834703355,-1.7,26.25,3000,279,True,True,True,1000000000.0,20
280,10000000.0,416869.3834703355,-1.7,26.25,3000,280,True,True,True,1000000000.0,20
281,10000000.0,416869.3834703355,-1.7,26.25,3000,281,True,True,True,1000000000.0,20
282,10000000.0,416869.3834703355,-1.7,26.25,3000,282,True,True,True,1000000000.0,20
283,10000000.0,416869.3834703355,-1.7,26.25,3000,283,True,True,True,1000000000.0,20
284,10000000.0,416869.3834703355,-1.7,26.25,3000,284,True,True,True,1000000000.0,20
285,10000000.0,416869.3834703355,-1.7,26.25,3000,285,True,True,True,1000000000.0,20
286,10000000.0,416869.3834703355,-1.7,26.25,3000,286,True,True,True,1000000000.0,20
287,10000000.0,416869.3834703355,-1.7,26.25,3000,287,True,True,True,1000000000.0,20
288,10000000.0,416869.3834703355,-1.7,26.25,3000,288,True,True,True,1000000000.0,20
289,10000000.0,416869.3834703355,-1.7,26.25,3000,289,True,True,True,1000000000.0,20
290,10000000.0,416869.3834703355,-1.7,26.25,3000,290,True,True,True,1000000000.0,20
291,10000000.0,416869.3834703355,-1.7,26.25,3000,291,True,True,True,1000000000.0,20
292,10000000.0,416869.3834703355,-1.7,26.25,3000,292,True,True,True,1000000000.0,20
293,10000000.0,416869.3834703355,-1.7,26.25,3000,293,True,True,True,1000000000.0,20
294,10000000.0,416869.3834703355,-1.7,26.25,3000,294,True,True,True,1000000000.0,20
295,10000000.0,416869.3834703355,-1.7,26.25,3000,295,True,True,True,1000000000.0,20
296,10000000.0,416869.3834703355,-1.7,26.25,3000,296,True,True,True,1000000000.0,20
297,10000000.0,416869.3834703355,-1.7,26.25,3000,297,True,True,True,1000000000.0,20
298,10000000.0,416869.3834703355,-1.7,26.25,3000,298,True,True,True,1000000000.0,20
299,10000000.0,416869.3834703355,-1.7,26.25,3000,299,True,True,True,1000000000.0,20
300,10000000.0,416869.3834703355,-1.7,26.25,3000,300,True,True,True,1000000000.0,20
301,10000000.0,416869.3834703355,-1.7,26.25,3000,301,True,True,True,1000000000.0,20
302,10000000.0,416869.3834703355,-1.7,26.25,3000,302,True,True,True,1000000000.0,20
303,10000000.0,416869.3834703355,-1.7,26.25,3000,303,True,True,True,1000000000.0,20
304,10000000.0,416869.3834703355,-1.7,26.25,3000,304,True,True,True,1000000000.0,20
305,10000000.0,416869.3834703355,-1.7,26.25,3000,305,True,True,True,1000000000.0,20
306,10000000.0,416869.3834703355,-1.7,26.25,3000,306,True,True,True,1000000000.0,20
307,10000000.0,416869.3834703355,-1.7,26.25,3000,307,True,True,True,1000000000.0,20
308,10000000.0,416869.3834703355,-1.7,26.25,3000,308,True,True,True,1000000000.0,20
309,10000000.0,416869.3834703355,-1.7,26.25,3000,309,True,True,True,1000000000.0,20
310,10000000.0,416869.3834703355,-1.7,26.25,3000,310,True,True,True,1000000000.0,20
311,10000000.0,416869.3834703355,-1.7,26.25,3000,311,True,True,True,1000000000.0,20
312,10000000.0,416869.3834703355,-1.7,26.25,3000,312,True,True,True,1000000000.0,20
313,10000000.0,416869.3834703355,-1.7,26.25,3000,313,True,True,True,1000000000.0,20
314,10000000.0,416869.3834703355,-1.7,26.25,3000,314,True,True,True,1000000000.0,20
315,10000000.0,416869.3834703355,-1.7,26.25,3000,315,True,True,True,1000000000.0,20
316,10000000.0,416869.3834703355,-1.7,26.25,3000,316,True,True,True,1000000000.0,20
317,10000000.0,416869.3834703355,-1.7,26.25,3000,317,True,True,True,1000000000.0,20
318,10000000.0,416869.3834703355,-1.7,26.25,3000,318,True,True,True,1000000000.0,20
319,10000000.0,416869.3834703355,-1.7,26.25,3000,319,True,True,True,1000000000.0,20
320,10000000.0,416869.3834703355,-1.7,26.25,3000,320,True,True,True,1000000000.0,20
321,10000000.0,416869.3834703355,-1.7,26.25,3000,321,True,True,True,1000000000.0,20
322,10000000.0,416869.3834703355,-1.7,26.25,3000,322,True,True,True,1000000000.0,20
323,10000000.0,416869.3834703355,-1.7,26.25,3000,323,True,True,True,1000000000.0,20
324,10000000.0,416869.3834703355,-1.7,26.25,3000,324,True,True,True,1000000000.0,20
325,10000000.0,416869.3834703355,-1.7,26.25,3000,325,True,True,True,1000000000.0,20
326,10000000.0,416869.3834703355,-1.7,26.25,3000,326,True,True,True,1000000000.0,20
327,10000000.0,416869.3834703355,-1.7,26.25,3000,327,True,True,True,1000000000.0,20
328,10000000.0,416869.3834703355,-1.7,26.25,3000,328,True,True,True,1000000000.0,20
329,10000000.0,416869.3834703355,-1.7,26.25,3000,329,True,True,True,1000000000.0,20
330,10000000.0,416869.3834703355,-1.7,26.25,3000,330,True,True,True,1000000000.0,20
331,10000000.0,416869.3834703355,-1.7,26.25,3000,331,True,True,True,1000000000.0,20
332,10000000.0,416869.3834703355,-1.7,26.25,3000,332,True,True,True,1000000000.0,20
333,10000000.0,416869.3834703355,-1.7,26.25,3000,333,True,True,True,1000000000.0,20
334,10000000.0,416869.3834703355,-1.7,26.25,3000,334,True,True,True,1000000000.0,20
335,10000000.0,416869.3834703355,-1.7,26.25,3000,335,True,True,True,1000000000.0,20
336,10000000.0,416869.3834703355,-1.7,26.25,3000,336,True,True,True,1000000000.0,20
337,10000000.0,416869.3834703355,-1.7,26.25,3000,337,True,True,True,1000000000.0,20
338,10000000.0,416869.3834703355,-1.7,26.25,3000,338,True,True,True,1000000000.0,20
339,10000000.0,416869.3834703355,-1.7,26.25,3000,339,True,True,True,1000000000.0,20
340,10000000.0,416869.3834703355,-1.7,26.25,3000,340,True,True,True,1000000000.0,20
341,10000000.0,416869.3834703355,-1.7,26.25,3000,341,True,True,True,1000000000.0,20
342,10000000.0,416869.3834703355,-1.7,26.25,3000,342,True,True,True,1000000000.0,20
343,10000000.0,416869.3834703355,-1.7,26.25,3000,343,True,True,True,1000000000.0,20
344,10000000.0,416869.3834703355,-1.7,26.25,3000,344,True,True,True,1000000000.0,20
345,10000000.0,416869.3834703355,-1.7,26.25,3000,345,True,True,True,1000000000.0,20
346,10000000.0,416869.3834703355,-1.7,26.25,3000,346,True,True,True,1000000000.0,20
347,10000000.0,416869.3834703355,-1.7,26.25,3000,347,True,True,True,1000000000.0,20
348,10000000.0,416869.3834703355,-1.7,26.25,3000,348,True,True,True,1000000000.0,20
349,10000000.0,416869.3834703355,-1.7,26.25,3000,349,True,True,True,1000000000.0,20
350,10000000.0,416869.3834703355,-1.7,26.25,3000,350,True,True,True,1000000000.0,20
351,10000000.0,416869.3834703355,-1.7,26.25,3000,351,True,True,True,1000000000.0,20
352,10000000.0,416869.3834703355,-1.7,26.25,3000,352,True,True,True,1000000000.0,20
353,10000000.0,416869.3834703355,-1.7,26.25,3000,353,True,True,True,1000000000.0,20
354,10000000.0,416869.3834703355,-1.7,26.25,3000,354,True,True,True,1000000000.0,20
355,10000000.0,416869.3834703355,-1.7,26.25,3000,355,True,True,True,1000000000.0,20
356,10000000.0,416869.3834703355,-1.7,26.25,3000,356,True,True,True,1000000000.0,20
357,10000000.0,416869.3834703355,-1.7,26.25,3000,357,True,True,True,1000000000.0,20
358,10000000.0,416869.3834703355,-1.7,26.25,3000,358,True,True,True,1000000000.0,20
359,10000000.0,416869.3834703355,-1.7,26.25,3000,359,True,True,True,1000000000.0,20
360,10000000.0,416869.3834703355,-1.7,26.25,3000,360,True,True,True,1000000000.0,20
361,10000000.0,416869.3834703355,-1.7,26.25,3000,361,True,True,True,1000000000.0,20
362,10000000.0,416869.3834703355,-1.7,26.25,3000,362,True,True,True,1000000000.0,20
363,10000000.0,416869.3834703355,-1.7,26.25,3000,363,True,True,True,1000000000.0,20
364,10000000.0,416869.3834703355,-1.7,26.25,3000,364,True,True,True,1000000000.0,20
365,10000000.0,416869.3834703355,-1.7,26.25,3000,365,True,True,True,1000000000.0,20
366,10000000.0,416869.3834703355,-1.7,26.25,3000,366,True,True,True,1000000000.0,20
367,10000000.0,416869.3834703355,-1.7,26.25,3000,367,True,True,True,1000000000.0,20
368,10000000.0,416869.3834703355,-1.7,26.25,3000,368,True,True,True,1000000000.0,20
369,10000000.0,416869.3834703355,-1.7,26.25,3000,369,True,True,True,1000000000.0,20
370,10000000.0,416869.3834703355,-1.7,26.25,3000,370,True,True,True,1000000000.0,20
371,10000000.0,416869.3834703355,-1.7,26.25,3000,371,True,True,True,1000000000.0,20
372,10000000.0,416869.3834703355,-1.7,26.25,3000,372,True,True,True,1000000000.0,20
373,10000000.0,416869.3834703355,-1.7,26.25,3000,373,True,True,True,1000000000.0,20
374,10000000.0,416869.3834703355,-1.7,26.25,3000,374,True,True,True,1000000000.0,20
375,10000000.0,416869.3834703355,-1.7,26.25,3000,375,True,True,True,1000000000.0,20
376,10000000.0,416869.3834703355,-1.7,26.25,3000,376,True,True,True,1000000000.0,20
377,10000000.0,416869.3834703355,-1.7,26.25,3000,377,True,True,True,1000000000.0,20
378,10000000.0,416869.3834703355,-1.7,26.25,3000,378,True,True,True,1000000000.0,20
379,10000000.0,416869.3834703355,-1.7,26.25,3000,379,True,True,True,1000000000.0,20
380,10000000.0,416869.3834703355,-1.7,26.25,3000,380,True,True,True,1000000000.0,20
381,10000000.0,416869.3834703355,-1.7,26.25,3000,381,True,True,True,1000000000.0,20
382,10000000.0,416869.3834703355,-1.7,26.25,3000,382,True,True,True,1000000000.0,20
383,10000000.0,416869.3834703355,-1.7,26.25,3000,383,True,True,True,1000000000.0,20
384,10000000.0,416869.3834703355,-1.7,26.25,3000,384,True,True,True,1000000000.0,20
385,10000000.0,416869.3834703355,-1.7,26.25,3000,385,True,True,True,1000000000.0,20
386,10000000.0,416869.3834703355,-1.7,26.25,3000,386,True,True,True,1000000000.0,20
387,10000000.0,416869.3834703355,-1.7,26.25,3000,387,True,True,True,1000000000.0,20
388,10000000.0,416869.3834703355,-1.7,26.25,3000,388,True,True,True,1000000000.0,20
389,10000000.0,416869.3834703355,-1.7,26.25,3000,389,True,True,True,1000000000.0,20
390,10000000.0,416869.3834703355,-1.7,26.25,3000,390,True,True,True,1000000000.0,20
391,10000000.0,416869.3834703355,-1.7,26.25,3000,391,True,True,True,1000000000.0,20
392,10000000.0,416869.3834703355,-1.7,26.25,3000,392,True,True,True,1000000000.0,20
393,10000000.0,416869.3834703355,-1.7,26.25,3000,393,True,True,True,1000000000.0,20
394,10000000.0,416869.3834703355,-1.7,26.25,3000,394,True,True,True,1000000000.0,20
395,10000000.0,416869.3834703355,-1.7,26.25,3000,395,True,True,True,1000000000.0,20
396,10000000.0,416869.3834703355,-1.7,26.25,3000,396,True,True,True,1000000000.0,20
397,10000000.0,416869.3834703355,-1.7,26.25,3000,397,True,True,True,1000000000.0,20
398,10000000.0,416869.3834703355,-1.7,26.25,3000,398,True,True,True,1000000000.0,20
399,10000000.0,416869.3834703355,-1.7,26.25,3000,399,True,True,True,1000000000.0,20
400,10000000.0,416869.3834703355,-1.7,26.25,3000,400,True,True,True,1000000000.0,20
401,10000000.0,416869.3834703355,-1.7,26.25,3000,401,True,True,True,1000000000.0,20
402,10000000.0,416869.3834703355,-1.7,26.25,3000,402,True,True,True,1000000000.0,20
403,10000000.0,416869.3834703355,-1.7,26.25,3000,403,True,True,True,1000000000.0,20
404,10000000.0,416869.3834703355,-1.7,26.25,3000,404,True,True,True,1000000000.0,20
405,10000000.0,416869.3834703355,-1.7,26.25,3000,405,True,True,True,1000000000.0,20
406,10000000.0,416869.3834703355,-1.7,26.25,3000,406,True,True,True,1000000000.0,20
407,10000000.0,416869.3834703355,-1.7,26.25,3000,407,True,True,True,1000000000.0,20
408,10000000.0,416869.3834703355,-1.7,26.25,3000,408,True,True,True,1000000000.0,20
409,10000000.0,416869.3834703355,-1.7,26.25,3000,409,True,True,True,1000000000.0,20
410,10000000.0,416869.3834703355,-1.7,26.25,3000,410,True,True,True,1000000000.0,20
411,10000000.0,416869.3834703355,-1.7,26.25,3000,411,True,True,True,1000000000.0,20
412,10000000.0,416869.3834703355,-1.7,26.25,3000,412,True,True,True,1000000000.0,20
413,10000000.0,416869.3834703355,-1.7,26.25,3000,413,True,True,True,1000000000.0,20
414,10000000.0,416869.3834703355,-1.7,26.25,3000,414,True,True,True,1000000000.0,20
415,10000000.0,416869.3834703355,-1.7,26.25,3000,415,True,True,True,1000000000.0,20
416,10000000.0,416869.3834703355,-1.7,26.25,3000,416,True,True,True,1000000000.0,20
417,10000000.0,416869.3834703355,-1.7,26.25,3000,417,True,True,True,1000000000.0,20
418,10000000.0,416869.3834703355,-1.7,26.25,3000,418,True,True,True,1000000000.0,20
419,10000000.0,416869.3834703355,-1.7,26.25,3000,419,True,True,True,1000000000.0,20
420,10000000.0,416869.3834703355,-1.7,26.25,3000,420,True,True,True,1000000000.0,20
421,10000000.0,416869.3834703355,-1.7,26.25,3000,421,True,True,True,1000000000.0,20
422,10000000.0,416869.3834703355,-1.7,26.25,3000,422,True,True,True,1000000000.0,20
423,10000000.0,416869.3834703355,-1.7,26.25,3000,423,True,True,True,1000000000.0,20
424,10000000.0,416869.3834703355,-1.7,26.25,3000,424,True,True,True,1000000000.0,20
425,10000000.0,416869.3834703355,-1.7,26.25,3000,425,True,True,True,1000000000.0,20
426,10000000.0,416869.3834703355,-1.7,26.25,3000,426,True,True,True,1000000000.0,20
427,10000000.0,416869.3834703355,-1.7,26.25,3000,427,True,True,True,1000000000.0,20
428,10000000.0,416869.3834703355,-1.7,26.25,3000,428,True,True,True,1000000000.0,20
429,10000000.0,416869.3834703355,-1.7,26.25,3000,429,True,True,True,1000000000.0,20
430,10000000.0,416869.3834703355,-1.7,26.25,3000,430,True,True,True,1000000000.0,20
431,10000000.0,416869.3834703355,-1.7,26.25,3000,431,True,True,True,1000000000.0,20
432,10000000.0,416869.3834703355,-1.7,26.25,3000,432,True,True,True,1000000000.0,20
433,10000000.0,416869.3834703355,-1.7,26.25,3000,433,True,True,True,1000000000.0,20
434,10000000.0,416869.3834703355,-1.7,26.25,3000,434,True,True,True,1000000000.0,20
435,10000000.0,416869.3834703355,-1.7,26.25,3000,435,True,True,True,1000000000.0,20
436,10000000.0,416869.3834703355,-1.7,26.25,3000,436,True,True,True,1000000000.0,20
437,10000000.0,416869.3834703355,-1.7,26.25,3000,437,True,True,True,1000000000.0,20
438,10000000.0,416869.3834703355,-1.7,26.25,3000,438,True,True,True,1000000000.0,20
439,10000000.0,416869.3834703355,-1.7,26.25,3000,439,True,True,True,1000000000.0,20
440,10000000.0,416869.3834703355,-1.7,26.25,3000,440,True,True,True,1000000000.0,20
441,10000000.0,416869.3834703355,-1.7,26.25,3000,441,True,True,True,1000000000.0,20
442,10000000.0,416869.3834703355,-1.7,26.25,3000,442,True,True,True,1000000000.0,20
443,10000000.0,416869.3834703355,-1.7,26.25,3000,443,True,True,True,1000000000.0,20
444,10000000.0,416869.3834703355,-1.7,26.25,3000,444,True,True,True,1000000000.0,20
445,10000000.0,416869.3834703355,-1.7,26.25,3000,445,True,True,True,1000000000.0,20
446,10000000.0,416869.3834703355,-1.7,26.25,3000,446,True,True,True,1000000000.0,20
447,10000000.0,416869.3834703355,-1.7,26.25,3000,447,True,True,True,1000000000.0,20
448,10000000.0,416869.3834703355,-1.7,26.25,3000,448,True,True,True,1000000000.0,20
449,10000000.0,416869.3834703355,-1.7,26.25,3000,449,True,True,True,1000000000.0,20
450,10000000.0,416869.3834703355,-1.7,26.25,3000,450,True,True,True,1000000000.0,20
451,10000000.0,416869.3834703355,-1.7,26.25,3000,451,True,True,True,1000000000.0,20
452,10000000.0,416869.3834703355,-1.7,26.25,3000,452,True,True,True,1000000000.0,20
453,10000000.0,416869.3834703355,-1.7,26.25,3000,453,True,True,True,1000000000.0,20
454,10000000.0,416869.3834703355,-1.7,26.25,3000,454,True,True,True,1000000000.0,20
455,10000000.0,416869.3834703355,-1.7,26.25,3000,455,True,True,True,1000000000.0,20
456,10000000.0,416869.3834703355,-1.7,26.25,3000,456,True,True,True,1000000000.0,20
457,10000000.0,416869.3834703355,-1.7,26.25,3000,457,True,True,True,1000000000.0,20
458,10000000.0,416869.3834703355,-1.7,26.25,3000,458,True,True,True,1000000000.0,20
459,10000000.0,416869.3834703355,-1.7,26.25,3000,459,True,True,True,1000000000.0,20
460,10000000.0,416869.3834703355,-1.7,26.25,3000,460,True,True,True,1000000000.0,20
461,10000000.0,416869.3834703355,-1.7,26.25,3000,461,True,True,True,1000000000.0,20
462,10000000.0,416869.3834703355,-1.7,26.25,3000,462,True,True,True,1000000000.0,20
463,10000000.0,416869.3834703355,-1.7,26.25,3000,463,True,True,True,1000000000.0,20
464,10000000.0,416869.3834703355,-1.7,26.25,3000,464,True,True,True,1000000000.0,20
465,10000000.0,416869.3834703355,-1.7,26.25,3000,465,True,True,True,1000000000.0,20
466,10000000.0,416869.3834703355,-1.7,26.25,3000,466,True,True,True,1000000000.0,20
467,10000000.0,416869.3834703355,-1.7,26.25,3000,467,True,True,True,1000000000.0,20
468,10000000.0,416869.3834703355,-1.7,26.25,3000,468,True,True,True,1000000000.0,20
469,10000000.0,416869.3834703355,-1.7,26.25,3000,469,True,True,True,1000000000.0,20
470,10000000.0,416869.3834703355,-1.7,26.25,3000,470,True,True,True,1000000000.0,20
471,10000000.0,416869.3834703355,-1.7,26.25,3000,471,True,True,True,1000000000.0,20
472,10000000.0,416869.3834703355,-1.7,26.25,3000,472,True,True,True,1000000000.0,20
473,10000000.0,416869.3834703355,-1.7,26.25,3000,473,True,True,True,1000000000.0,20
474,10000000.0,416869.3834703355,-1.7,26.25,3000,474,True,True,True,1000000000.0,20
475,10000000.0,416869.3834703355,-1.7,26.25,3000,475,True,True,True,1000000000.0,20
476,10000000.0,416869.3834703355,-1.7,26.25,3000,476,True,True,True,1000000000.0,20
477,10000000.0,416869.3834703355,-1.7,26.25,3000,477,True,True,True,1000000000.0,20
478,10000000.0,416869.3834703355,-1.7,26.25,3000,478,True,True,True,1000000000.0,20
479,10000000.0,416869.3834703355,-1.7,26.25,3000,479,True,True,True,1000000000.0,20
480,10000000.0,416869.3834703355,-1.7,26.25,3000,480,True,True,True,1000000000.0,20
481,10000000.0,416869.3834703355,-1.7,26.25,3000,481,True,True,True,1000000000.0,20
482,10000000.0,416869.3834703355,-1.7,26.25,3000,482,True,True,True,1000000000.0,20
483,10000000.0,416869.3834703355,-1.7,26.25,3000,483,True,True,True,1000000000.0,20
484,10000000.0,416869.3834703355,-1.7,26.25,3000,484,True,True,True,1000000000.0,20
485,10000000.0,416869.3834703355,-1.7,26.25,3000,485,True,True,True,1000000000.0,20
486,10000000.0,416869.3834703355,-1.7,26.25,3000,486,True,True,True,1000000000.0,20
487,10000000.0,416869.3834703355,-1.7,26.25,3000,487,True,True,True,1000000000.0,20
488,10000000.0,416869.3834703355,-1.7,26.25,3000,488,True,True,True,1000000000.0,20
489,10000000.0,416869.3834703355,-1.7,26.25,3000,489,True,True,True,1000000000.0,20
490,10000000.0,416869.3834703355,-1.7,26.25,3000,490,True,True,True,1000000000.0,20
491,10000000.0,416869.3834703355,-1.7,26.25,3000,491,True,True,True,1000000000.0,20
492,10000000.0,416869.3834703355,-1.7,26.25,3000,492,True,True,True,1000000000.0,20
493,10000000.0,416869.3834703355,-1.7,26.25,3000,493,True,True,True,1000000000.0,20
494,10000000.0,416869.3834703355,-1.7,26.25,3000,494,True,True,True,1000000000.0,20
495,10000000.0,416869.3834703355,-1.7,26.25,3000,495,True,True,True,1000000000.0,20
496,10000000.0,416869.3834703355,-1.7,26.25,3000,496,True,True,True,1000000000.0,20
497,10000000.0,416869.3834703355,-1.7,26.25,3000,497,True,True,True,1000000000.0,20
498,10000000.0,416869.3834703355,-1.7,26.25,3000,498,True,True,True,1000000000.0,20
499,10000000.0,416869.3834703355,-1.7,26.25,3000,499,True,True,True,1000000000.0,20
500,10000000.0,416869.3834703355,-1.7,26.25,3000,500,True,True,True,1000000000.0,20
