task_id,M0,rhoh0,FeH,rg,tend,seed,rantala_imbh_seed,chattopadhyay_seed,galpy_potential,M_vir,c_halo
1,10000000.0,416869.3834703355,-1.7,26.25,3000,1,False,False,False,1000000000.0,7
2,10000000.0,416869.3834703355,-1.7,26.25,3000,2,False,False,False,1000000000.0,7
3,10000000.0,416869.3834703355,-1.7,26.25,3000,3,False,False,False,1000000000.0,7
4,10000000.0,416869.3834703355,-1.7,26.25,3000,4,False,False,False,1000000000.0,7
5,10000000.0,416869.3834703355,-1.7,26.25,3000,5,False,False,False,1000000000.0,7
6,10000000.0,416869.3834703355,-1.7,26.25,3000,6,False,False,False,1000000000.0,7
7,10000000.0,416869.3834703355,-1.7,26.25,3000,7,False,False,False,1000000000.0,7
8,10000000.0,416869.3834703355,-1.7,26.25,3000,8,False,False,False,1000000000.0,7
9,10000000.0,416869.3834703355,-1.7,26.25,3000,9,False,False,False,1000000000.0,7
10,10000000.0,416869.3834703355,-1.7,26.25,3000,10,False,False,False,1000000000.0,7
11,10000000.0,416869.3834703355,-1.7,26.25,3000,11,False,False,False,1000000000.0,7
12,10000000.0,416869.3834703355,-1.7,26.25,3000,12,False,False,False,1000000000.0,7
13,10000000.0,416869.3834703355,-1.7,26.25,3000,13,False,False,False,1000000000.0,7
14,10000000.0,416869.3834703355,-1.7,26.25,3000,14,False,False,False,1000000000.0,7
15,10000000.0,416869.3834703355,-1.7,26.25,3000,15,False,False,False,1000000000.0,7
16,10000000.0,416869.3834703355,-1.7,26.25,3000,16,False,False,False,1000000000.0,7
17,10000000.0,416869.3834703355,-1.7,26.25,3000,17,False,False,False,1000000000.0,7
18,10000000.0,416869.3834703355,-1.7,26.25,3000,18,False,False,False,1000000000.0,7
19,10000000.0,416869.3834703355,-1.7,26.25,3000,19,False,False,False,1000000000.0,7
20,10000000.0,416869.3834703355,-1.7,26.25,3000,20,False,False,False,1000000000.0,7
21,10000000.0,416869.3834703355,-1.7,26.25,3000,21,False,False,False,1000000000.0,7
22,10000000.0,416869.3834703355,-1.7,26.25,3000,22,False,False,False,1000000000.0,7
23,10000000.0,416869.3834703355,-1.7,26.25,3000,23,False,False,False,1000000000.0,7
24,10000000.0,416869.3834703355,-1.7,26.25,3000,24,False,False,False,1000000000.0,7
25,10000000.0,416869.3834703355,-1.7,26.25,3000,25,False,False,False,1000000000.0,7
26,10000000.0,416869.3834703355,-1.7,26.25,3000,26,False,False,False,1000000000.0,7
27,10000000.0,416869.3834703355,-1.7,26.25,3000,27,False,False,False,1000000000.0,7
28,10000000.0,416869.3834703355,-1.7,26.25,3000,28,False,False,False,1000000000.0,7
29,10000000.0,416869.3834703355,-1.7,26.25,3000,29,False,False,False,1000000000.0,7
30,10000000.0,416869.3834703355,-1.7,26.25,3000,30,False,False,False,1000000000.0,7
31,10000000.0,416869.3834703355,-1.7,26.25,3000,31,False,False,False,1000000000.0,7
32,10000000.0,416869.3834703355,-1.7,26.25,3000,32,False,False,False,1000000000.0,7
33,10000000.0,416869.3834703355,-1.7,26.25,3000,33,False,False,False,1000000000.0,7
34,10000000.0,416869.3834703355,-1.7,26.25,3000,34,False,False,False,1000000000.0,7
35,10000000.0,416869.3834703355,-1.7,26.25,3000,35,False,False,False,1000000000.0,7
36,10000000.0,416869.3834703355,-1.7,26.25,3000,36,False,False,False,1000000000.0,7
37,10000000.0,416869.3834703355,-1.7,26.25,3000,37,False,False,False,1000000000.0,7
38,10000000.0,416869.3834703355,-1.7,26.25,3000,38,False,False,False,1000000000.0,7
39,10000000.0,416869.3834703355,-1.7,26.25,3000,39,False,False,False,1000000000.0,7
40,10000000.0,416869.3834703355,-1.7,26.25,3000,40,False,False,False,1000000000.0,7
41,10000000.0,416869.3834703355,-1.7,26.25,3000,41,False,False,False,1000000000.0,7
42,10000000.0,416869.3834703355,-1.7,26.25,3000,42,False,False,False,1000000000.0,7
43,10000000.0,416869.3834703355,-1.7,26.25,3000,43,False,False,False,1000000000.0,7
44,10000000.0,416869.3834703355,-1.7,26.25,3000,44,False,False,False,1000000000.0,7
45,10000000.0,416869.3834703355,-1.7,26.25,3000,45,False,False,False,1000000000.0,7
46,10000000.0,416869.3834703355,-1.7,26.25,3000,46,False,False,False,1000000000.0,7
47,10000000.0,416869.3834703355,-1.7,26.25,3000,47,False,False,False,1000000000.0,7
48,10000000.0,416869.3834703355,-1.7,26.25,3000,48,False,False,False,1000000000.0,7
49,10000000.0,416869.3834703355,-1.7,26.25,3000,49,False,False,False,1000000000.0,7
50,10000000.0,416869.3834703355,-1.7,26.25,3000,50,False,False,False,1000000000.0,7
51,10000000.0,416869.3834703355,-1.7,26.25,3000,51,False,False,False,1000000000.0,7
52,10000000.0,416869.3834703355,-1.7,26.25,3000,52,False,False,False,1000000000.0,7
53,10000000.0,416869.3834703355,-1.7,26.25,3000,53,False,False,False,1000000000.0,7
54,10000000.0,416869.3834703355,-1.7,26.25,3000,54,False,False,False,1000000000.0,7
55,10000000.0,416869.3834703355,-1.7,26.25,3000,55,False,False,False,1000000000.0,7
56,10000000.0,416869.3834703355,-1.7,26.25,3000,56,False,False,False,1000000000.0,7
57,10000000.0,416869.3834703355,-1.7,26.25,3000,57,False,False,False,1000000000.0,7
58,10000000.0,416869.3834703355,-1.7,26.25,3000,58,False,False,False,1000000000.0,7
59,10000000.0,416869.3834703355,-1.7,26.25,3000,59,False,False,False,1000000000.0,7
60,10000000.0,416869.3834703355,-1.7,26.25,3000,60,False,False,False,1000000000.0,7
61,10000000.0,416869.3834703355,-1.7,26.25,3000,61,False,False,False,1000000000.0,7
62,10000000.0,416869.3834703355,-1.7,26.25,3000,62,False,False,False,1000000000.0,7
63,10000000.0,416869.3834703355,-1.7,26.25,3000,63,False,False,False,1000000000.0,7
64,10000000.0,416869.3834703355,-1.7,26.25,3000,64,False,False,False,1000000000.0,7
65,10000000.0,416869.3834703355,-1.7,26.25,3000,65,False,False,False,1000000000.0,7
66,10000000.0,416869.3834703355,-1.7,26.25,3000,66,False,False,False,1000000000.0,7
67,10000000.0,416869.3834703355,-1.7,26.25,3000,67,False,False,False,1000000000.0,7
68,10000000.0,416869.3834703355,-1.7,26.25,3000,68,False,False,False,1000000000.0,7
69,10000000.0,416869.3834703355,-1.7,26.25,3000,69,False,False,False,1000000000.0,7
70,10000000.0,416869.3834703355,-1.7,26.25,3000,70,False,False,False,1000000000.0,7
71,10000000.0,416869.3834703355,-1.7,26.25,3000,71,False,False,False,1000000000.0,7
72,10000000.0,416869.3834703355,-1.7,26.25,3000,72,False,False,False,1000000000.0,7
73,10000000.0,416869.3834703355,-1.7,26.25,3000,73,False,False,False,1000000000.0,7
74,10000000.0,416869.3834703355,-1.7,26.25,3000,74,False,False,False,1000000000.0,7
75,10000000.0,416869.3834703355,-1.7,26.25,3000,75,False,False,False,1000000000.0,7
76,10000000.0,416869.3834703355,-1.7,26.25,3000,76,False,False,False,1000000000.0,7
77,10000000.0,416869.3834703355,-1.7,26.25,3000,77,False,False,False,1000000000.0,7
78,10000000.0,416869.3834703355,-1.7,26.25,3000,78,False,False,False,1000000000.0,7
79,10000000.0,416869.3834703355,-1.7,26.25,3000,79,False,False,False,1000000000.0,7
80,10000000.0,416869.3834703355,-1.7,26.25,3000,80,False,False,False,1000000000.0,7
81,10000000.0,416869.3834703355,-1.7,26.25,3000,81,False,False,False,1000000000.0,7
82,10000000.0,416869.3834703355,-1.7,26.25,3000,82,False,False,False,1000000000.0,7
83,10000000.0,416869.3834703355,-1.7,26.25,3000,83,False,False,False,1000000000.0,7
84,10000000.0,416869.3834703355,-1.7,26.25,3000,84,False,False,False,1000000000.0,7
85,10000000.0,416869.3834703355,-1.7,26.25,3000,85,False,False,False,1000000000.0,7
86,10000000.0,416869.3834703355,-1.7,26.25,3000,86,False,False,False,1000000000.0,7
87,10000000.0,416869.3834703355,-1.7,26.25,3000,87,False,False,False,1000000000.0,7
88,10000000.0,416869.3834703355,-1.7,26.25,3000,88,False,False,False,1000000000.0,7
89,10000000.0,416869.3834703355,-1.7,26.25,3000,89,False,False,False,1000000000.0,7
90,10000000.0,416869.3834703355,-1.7,26.25,3000,90,False,False,False,1000000000.0,7
91,10000000.0,416869.3834703355,-1.7,26.25,3000,91,False,False,False,1000000000.0,7
92,10000000.0,416869.3834703355,-1.7,26.25,3000,92,False,False,False,1000000000.0,7
93,10000000.0,416869.3834703355,-1.7,26.25,3000,93,False,False,False,1000000000.0,7
94,10000000.0,416869.3834703355,-1.7,26.25,3000,94,False,False,False,1000000000.0,7
95,10000000.0,416869.3834703355,-1.7,26.25,3000,95,False,False,False,1000000000.0,7
96,10000000.0,416869.3834703355,-1.7,26.25,3000,96,False,False,False,1000000000.0,7
97,10000000.0,416869.3834703355,-1.7,26.25,3000,97,False,False,False,1000000000.0,7
98,10000000.0,416869.3834703355,-1.7,26.25,3000,98,False,False,False,1000000000.0,7
99,10000000.0,416869.3834703355,-1.7,26.25,3000,99,False,False,False,1000000000.0,7
100,10000000.0,416869.3834703355,-1.7,26.25,3000,100,False,False,False,1000000000.0,7
101,10000000.0,4168693.834703355,-1.7,26.25,3000,1,False,False,False,1000000000.0,7
102,10000000.0,4168693.834703355,-1.7,26.25,3000,2,False,False,False,1000000000.0,7
103,10000000.0,4168693.834703355,-1.7,26.25,3000,3,False,False,False,1000000000.0,7
104,10000000.0,4168693.834703355,-1.7,26.25,3000,4,False,False,False,1000000000.0,7
105,10000000.0,4168693.834703355,-1.7,26.25,3000,5,False,False,False,1000000000.0,7
106,10000000.0,4168693.834703355,-1.7,26.25,3000,6,False,False,False,1000000000.0,7
107,10000000.0,4168693.834703355,-1.7,26.25,3000,7,False,False,False,1000000000.0,7
108,10000000.0,4168693.834703355,-1.7,26.25,3000,8,False,False,False,1000000000.0,7
109,10000000.0,4168693.834703355,-1.7,26.25,3000,9,False,False,False,1000000000.0,7
110,10000000.0,4168693.834703355,-1.7,26.25,3000,10,False,False,False,1000000000.0,7
111,10000000.0,4168693.834703355,-1.7,26.25,3000,11,False,False,False,1000000000.0,7
112,10000000.0,4168693.834703355,-1.7,26.25,3000,12,False,False,False,1000000000.0,7
113,10000000.0,4168693.834703355,-1.7,26.25,3000,13,False,False,False,1000000000.0,7
114,10000000.0,4168693.834703355,-1.7,26.25,3000,14,False,False,False,1000000000.0,7
115,10000000.0,4168693.834703355,-1.7,26.25,3000,15,False,False,False,1000000000.0,7
116,10000000.0,4168693.834703355,-1.7,26.25,3000,16,False,False,False,1000000000.0,7
117,10000000.0,4168693.834703355,-1.7,26.25,3000,17,False,False,False,1000000000.0,7
118,10000000.0,4168693.834703355,-1.7,26.25,3000,18,False,False,False,1000000000.0,7
119,10000000.0,4168693.834703355,-1.7,26.25,3000,19,False,False,False,1000000000.0,7
120,10000000.0,4168693.834703355,-1.7,26.25,3000,20,False,False,False,1000000000.0,7
121,10000000.0,4168693.834703355,-1.7,26.25,3000,21,False,False,False,1000000000.0,7
122,10000000.0,4168693.834703355,-1.7,26.25,3000,22,False,False,False,1000000000.0,7
123,10000000.0,4168693.834703355,-1.7,26.25,3000,23,False,False,False,1000000000.0,7
124,10000000.0,4168693.834703355,-1.7,26.25,3000,24,False,False,False,1000000000.0,7
125,10000000.0,4168693.834703355,-1.7,26.25,3000,25,False,False,False,1000000000.0,7
126,10000000.0,4168693.834703355,-1.7,26.25,3000,26,False,False,False,1000000000.0,7
127,10000000.0,4168693.834703355,-1.7,26.25,3000,27,False,False,False,1000000000.0,7
128,10000000.0,4168693.834703355,-1.7,26.25,3000,28,False,False,False,1000000000.0,7
129,10000000.0,4168693.834703355,-1.7,26.25,3000,29,False,False,False,1000000000.0,7
130,10000000.0,4168693.834703355,-1.7,26.25,3000,30,False,False,False,1000000000.0,7
131,10000000.0,4168693.834703355,-1.7,26.25,3000,31,False,False,False,1000000000.0,7
132,10000000.0,4168693.834703355,-1.7,26.25,3000,32,False,False,False,1000000000.0,7
133,10000000.0,4168693.834703355,-1.7,26.25,3000,33,False,False,False,1000000000.0,7
134,10000000.0,4168693.834703355,-1.7,26.25,3000,34,False,False,False,1000000000.0,7
135,10000000.0,4168693.834703355,-1.7,26.25,3000,35,False,False,False,1000000000.0,7
136,10000000.0,4168693.834703355,-1.7,26.25,3000,36,False,False,False,1000000000.0,7
137,10000000.0,4168693.834703355,-1.7,26.25,3000,37,False,False,False,1000000000.0,7
138,10000000.0,4168693.834703355,-1.7,26.25,3000,38,False,False,False,1000000000.0,7
139,10000000.0,4168693.834703355,-1.7,26.25,3000,39,False,False,False,1000000000.0,7
140,10000000.0,4168693.834703355,-1.7,26.25,3000,40,False,False,False,1000000000.0,7
141,10000000.0,4168693.834703355,-1.7,26.25,3000,41,False,False,False,1000000000.0,7
142,10000000.0,4168693.834703355,-1.7,26.25,3000,42,False,False,False,1000000000.0,7
143,10000000.0,4168693.834703355,-1.7,26.25,3000,43,False,False,False,1000000000.0,7
144,10000000.0,4168693.834703355,-1.7,26.25,3000,44,False,False,False,1000000000.0,7
145,10000000.0,4168693.834703355,-1.7,26.25,3000,45,False,False,False,1000000000.0,7
146,10000000.0,4168693.834703355,-1.7,26.25,3000,46,False,False,False,1000000000.0,7
147,10000000.0,4168693.834703355,-1.7,26.25,3000,47,False,False,False,1000000000.0,7
148,10000000.0,4168693.834703355,-1.7,26.25,3000,48,False,False,False,1000000000.0,7
149,10000000.0,4168693.834703355,-1.7,26.25,3000,49,False,False,False,1000000000.0,7
150,10000000.0,4168693.834703355,-1.7,26.25,3000,50,False,False,False,1000000000.0,7
151,10000000.0,4168693.834703355,-1.7,26.25,3000,51,False,False,False,1000000000.0,7
152,10000000.0,4168693.834703355,-1.7,26.25,3000,52,False,False,False,1000000000.0,7
153,10000000.0,4168693.834703355,-1.7,26.25,3000,53,False,False,False,1000000000.0,7
154,10000000.0,4168693.834703355,-1.7,26.25,3000,54,False,False,False,1000000000.0,7
155,10000000.0,4168693.834703355,-1.7,26.25,3000,55,False,False,False,1000000000.0,7
156,10000000.0,4168693.834703355,-1.7,26.25,3000,56,False,False,False,1000000000.0,7
157,10000000.0,4168693.834703355,-1.7,26.25,3000,57,False,False,False,1000000000.0,7
158,10000000.0,4168693.834703355,-1.7,26.25,3000,58,False,False,False,1000000000.0,7
159,10000000.0,4168693.834703355,-1.7,26.25,3000,59,False,False,False,1000000000.0,7
160,10000000.0,4168693.834703355,-1.7,26.25,3000,60,False,False,False,1000000000.0,7
161,10000000.0,4168693.834703355,-1.7,26.25,3000,61,False,False,False,1000000000.0,7
162,10000000.0,4168693.834703355,-1.7,26.25,3000,62,False,False,False,1000000000.0,7
163,10000000.0,4168693.834703355,-1.7,26.25,3000,63,False,False,False,1000000000.0,7
164,10000000.0,4168693.834703355,-1.7,26.25,3000,64,False,False,False,1000000000.0,7
165,10000000.0,4168693.834703355,-1.7,26.25,3000,65,False,False,False,1000000000.0,7
166,10000000.0,4168693.834703355,-1.7,26.25,3000,66,False,False,False,1000000000.0,7
167,10000000.0,4168693.834703355,-1.7,26.25,3000,67,False,False,False,1000000000.0,7
168,10000000.0,4168693.834703355,-1.7,26.25,3000,68,False,False,False,1000000000.0,7
169,10000000.0,4168693.834703355,-1.7,26.25,3000,69,False,False,False,1000000000.0,7
170,10000000.0,4168693.834703355,-1.7,26.25,3000,70,False,False,False,1000000000.0,7
171,10000000.0,4168693.834703355,-1.7,26.25,3000,71,False,False,False,1000000000.0,7
172,10000000.0,4168693.834703355,-1.7,26.25,3000,72,False,False,False,1000000000.0,7
173,10000000.0,4168693.834703355,-1.7,26.25,3000,73,False,False,False,1000000000.0,7
174,10000000.0,4168693.834703355,-1.7,26.25,3000,74,False,False,False,1000000000.0,7
175,10000000.0,4168693.834703355,-1.7,26.25,3000,75,False,False,False,1000000000.0,7
176,10000000.0,4168693.834703355,-1.7,26.25,3000,76,False,False,False,1000000000.0,7
177,10000000.0,4168693.834703355,-1.7,26.25,3000,77,False,False,False,1000000000.0,7
178,10000000.0,4168693.834703355,-1.7,26.25,3000,78,False,False,False,1000000000.0,7
179,10000000.0,4168693.834703355,-1.7,26.25,3000,79,False,False,False,1000000000.0,7
180,10000000.0,4168693.834703355,-1.7,26.25,3000,80,False,False,False,1000000000.0,7
181,10000000.0,4168693.834703355,-1.7,26.25,3000,81,False,False,False,1000000000.0,7
182,10000000.0,4168693.834703355,-1.7,26.25,3000,82,False,False,False,1000000000.0,7
183,10000000.0,4168693.834703355,-1.7,26.25,3000,83,False,False,False,1000000000.0,7
184,10000000.0,4168693.834703355,-1.7,26.25,3000,84,False,False,False,1000000000.0,7
185,10000000.0,4168693.834703355,-1.7,26.25,3000,85,False,False,False,1000000000.0,7
186,10000000.0,4168693.834703355,-1.7,26.25,3000,86,False,False,False,1000000000.0,7
187,10000000.0,4168693.834703355,-1.7,26.25,3000,87,False,False,False,1000000000.0,7
188,10000000.0,4168693.834703355,-1.7,26.25,3000,88,False,False,False,1000000000.0,7
189,10000000.0,4168693.834703355,-1.7,26.25,3000,89,False,False,False,1000000000.0,7
190,10000000.0,4168693.834703355,-1.7,26.25,3000,90,False,False,False,1000000000.0,7
191,10000000.0,4168693.834703355,-1.7,26.25,3000,91,False,False,False,1000000000.0,7
192,10000000.0,4168693.834703355,-1.7,26.25,3000,92,False,False,False,1000000000.0,7
193,10000000.0,4168693.834703355,-1.7,26.25,3000,93,False,False,False,1000000000.0,7
194,10000000.0,4168693.834703355,-1.7,26.25,3000,94,False,False,False,1000000000.0,7
195,10000000.0,4168693.834703355,-1.7,26.25,3000,95,False,False,False,1000000000.0,7
196,10000000.0,4168693.834703355,-1.7,26.25,3000,96,False,False,False,1000000000.0,7
197,10000000.0,4168693.834703355,-1.7,26.25,3000,97,False,False,False,1000000000.0,7
198,10000000.0,4168693.834703355,-1.7,26.25,3000,98,False,False,False,1000000000.0,7
199,10000000.0,4168693.834703355,-1.7,26.25,3000,99,False,False,False,1000000000.0,7
200,10000000.0,4168693.834703355,-1.7,26.25,3000,100,False,False,False,1000000000.0,7
201,10000000.0,13182567.385564074,-1.7,26.25,3000,1,False,False,False,1000000000.0,7
202,10000000.0,13182567.385564074,-1.7,26.25,3000,2,False,False,False,1000000000.0,7
203,10000000.0,13182567.385564074,-1.7,26.25,3000,3,False,False,False,1000000000.0,7
204,10000000.0,13182567.385564074,-1.7,26.25,3000,4,False,False,False,1000000000.0,7
205,10000000.0,13182567.385564074,-1.7,26.25,3000,5,False,False,False,1000000000.0,7
206,10000000.0,13182567.385564074,-1.7,26.25,3000,6,False,False,False,1000000000.0,7
207,10000000.0,13182567.385564074,-1.7,26.25,3000,7,False,False,False,1000000000.0,7
208,10000000.0,13182567.385564074,-1.7,26.25,3000,8,False,False,False,1000000000.0,7
209,10000000.0,13182567.385564074,-1.7,26.25,3000,9,False,False,False,1000000000.0,7
210,10000000.0,13182567.385564074,-1.7,26.25,3000,10,False,False,False,1000000000.0,7
211,10000000.0,13182567.385564074,-1.7,26.25,3000,11,False,False,False,1000000000.0,7
212,10000000.0,13182567.385564074,-1.7,26.25,3000,12,False,False,False,1000000000.0,7
213,10000000.0,13182567.385564074,-1.7,26.25,3000,13,False,False,False,1000000000.0,7
214,10000000.0,13182567.385564074,-1.7,26.25,3000,14,False,False,False,1000000000.0,7
215,10000000.0,13182567.385564074,-1.7,26.25,3000,15,False,False,False,1000000000.0,7
216,10000000.0,13182567.385564074,-1.7,26.25,3000,16,False,False,False,1000000000.0,7
217,10000000.0,13182567.385564074,-1.7,26.25,3000,17,False,False,False,1000000000.0,7
218,10000000.0,13182567.385564074,-1.7,26.25,3000,18,False,False,False,1000000000.0,7
219,10000000.0,13182567.385564074,-1.7,26.25,3000,19,False,False,False,1000000000.0,7
220,10000000.0,13182567.385564074,-1.7,26.25,3000,20,False,False,False,1000000000.0,7
221,10000000.0,13182567.385564074,-1.7,26.25,3000,21,False,False,False,1000000000.0,7
222,10000000.0,13182567.385564074,-1.7,26.25,3000,22,False,False,False,1000000000.0,7
223,10000000.0,13182567.385564074,-1.7,26.25,3000,23,False,False,False,1000000000.0,7
224,10000000.0,13182567.385564074,-1.7,26.25,3000,24,False,False,False,1000000000.0,7
225,10000000.0,13182567.385564074,-1.7,26.25,3000,25,False,False,False,1000000000.0,7
226,10000000.0,13182567.385564074,-1.7,26.25,3000,26,False,False,False,1000000000.0,7
227,10000000.0,13182567.385564074,-1.7,26.25,3000,27,False,False,False,1000000000.0,7
228,10000000.0,13182567.385564074,-1.7,26.25,3000,28,False,False,False,1000000000.0,7
229,10000000.0,13182567.385564074,-1.7,26.25,3000,29,False,False,False,1000000000.0,7
230,10000000.0,13182567.385564074,-1.7,26.25,3000,30,False,False,False,1000000000.0,7
231,10000000.0,13182567.385564074,-1.7,26.25,3000,31,False,False,False,1000000000.0,7
232,10000000.0,13182567.385564074,-1.7,26.25,3000,32,False,False,False,1000000000.0,7
233,10000000.0,13182567.385564074,-1.7,26.25,3000,33,False,False,False,1000000000.0,7
234,10000000.0,13182567.385564074,-1.7,26.25,3000,34,False,False,False,1000000000.0,7
235,10000000.0,13182567.385564074,-1.7,26.25,3000,35,False,False,False,1000000000.0,7
236,10000000.0,13182567.385564074,-1.7,26.25,3000,36,False,False,False,1000000000.0,7
237,10000000.0,13182567.385564074,-1.7,26.25,3000,37,False,False,False,1000000000.0,7
238,10000000.0,13182567.385564074,-1.7,26.25,3000,38,False,False,False,1000000000.0,7
239,10000000.0,13182567.385564074,-1.7,26.25,3000,39,False,False,False,1000000000.0,7
240,10000000.0,13182567.385564074,-1.7,26.25,3000,40,False,False,False,1000000000.0,7
241,10000000.0,13182567.385564074,-1.7,26.25,3000,41,False,False,False,1000000000.0,7
242,10000000.0,13182567.385564074,-1.7,26.25,3000,42,False,False,False,1000000000.0,7
243,10000000.0,13182567.385564074,-1.7,26.25,3000,43,False,False,False,1000000000.0,7
244,10000000.0,13182567.385564074,-1.7,26.25,3000,44,False,False,False,1000000000.0,7
245,10000000.0,13182567.385564074,-1.7,26.25,3000,45,False,False,False,1000000000.0,7
246,10000000.0,13182567.385564074,-1.7,26.25,3000,46,False,False,False,1000000000.0,7
247,10000000.0,13182567.385564074,-1.7,26.25,3000,47,False,False,False,1000000000.0,7
248,10000000.0,13182567.385564074,-1.7,26.25,3000,48,False,False,False,1000000000.0,7
249,10000000.0,13182567.385564074,-1.7,26.25,3000,49,False,False,False,1000000000.0,7
250,10000000.0,13182567.385564074,-1.7,26.25,3000,50,False,False,False,1000000000.0,7
251,10000000.0,13182567.385564074,-1.7,26.25,3000,51,False,False,False,1000000000.0,7
252,10000000.0,13182567.385564074,-1.7,26.25,3000,52,False,False,False,1000000000.0,7
253,10000000.0,13182567.385564074,-1.7,26.25,3000,53,False,False,False,1000000000.0,7
254,10000000.0,13182567.385564074,-1.7,26.25,3000,54,False,False,False,1000000000.0,7
255,10000000.0,13182567.385564074,-1.7,26.25,3000,55,False,False,False,1000000000.0,7
256,10000000.0,13182567.385564074,-1.7,26.25,3000,56,False,False,False,1000000000.0,7
257,10000000.0,13182567.385564074,-1.7,26.25,3000,57,False,False,False,1000000000.0,7
258,10000000.0,13182567.385564074,-1.7,26.25,3000,58,False,False,False,1000000000.0,7
259,10000000.0,13182567.385564074,-1.7,26.25,3000,59,False,False,False,1000000000.0,7
260,10000000.0,13182567.385564074,-1.7,26.25,3000,60,False,False,False,1000000000.0,7
261,10000000.0,13182567.385564074,-1.7,26.25,3000,61,False,False,False,1000000000.0,7
262,10000000.0,13182567.385564074,-1.7,26.25,3000,62,False,False,False,1000000000.0,7
263,10000000.0,13182567.385564074,-1.7,26.25,3000,63,False,False,False,1000000000.0,7
264,10000000.0,13182567.385564074,-1.7,26.25,3000,64,False,False,False,1000000000.0,7
265,10000000.0,13182567.385564074,-1.7,26.25,3000,65,False,False,False,1000000000.0,7
266,10000000.0,13182567.385564074,-1.7,26.25,3000,66,False,False,False,1000000000.0,7
267,10000000.0,13182567.385564074,-1.7,26.25,3000,67,False,False,False,1000000000.0,7
268,10000000.0,13182567.385564074,-1.7,26.25,3000,68,False,False,False,1000000000.0,7
269,10000000.0,13182567.385564074,-1.7,26.25,3000,69,False,False,False,1000000000.0,7
270,10000000.0,13182567.385564074,-1.7,26.25,3000,70,False,False,False,1000000000.0,7
271,10000000.0,13182567.385564074,-1.7,26.25,3000,71,False,False,False,1000000000.0,7
272,10000000.0,13182567.385564074,-1.7,26.25,3000,72,False,False,False,1000000000.0,7
273,10000000.0,13182567.385564074,-1.7,26.25,3000,73,False,False,False,1000000000.0,7
274,10000000.0,13182567.385564074,-1.7,26.25,3000,74,False,False,False,1000000000.0,7
275,10000000.0,13182567.385564074,-1.7,26.25,3000,75,False,False,False,1000000000.0,7
276,10000000.0,13182567.385564074,-1.7,26.25,3000,76,False,False,False,1000000000.0,7
277,10000000.0,13182567.385564074,-1.7,26.25,3000,77,False,False,False,1000000000.0,7
278,10000000.0,13182567.385564074,-1.7,26.25,3000,78,False,False,False,1000000000.0,7
279,10000000.0,13182567.385564074,-1.7,26.25,3000,79,False,False,False,1000000000.0,7
280,10000000.0,13182567.385564074,-1.7,26.25,3000,80,False,False,False,1000000000.0,7
281,10000000.0,13182567.385564074,-1.7,26.25,3000,81,False,False,False,1000000000.0,7
282,10000000.0,13182567.385564074,-1.7,26.25,3000,82,False,False,False,1000000000.0,7
283,10000000.0,13182567.385564074,-1.7,26.25,3000,83,False,False,False,1000000000.0,7
284,10000000.0,13182567.385564074,-1.7,26.25,3000,84,False,False,False,1000000000.0,7
285,10000000.0,13182567.385564074,-1.7,26.25,3000,85,False,False,False,1000000000.0,7
286,10000000.0,13182567.385564074,-1.7,26.25,3000,86,False,False,False,1000000000.0,7
287,10000000.0,13182567.385564074,-1.7,26.25,3000,87,False,False,False,1000000000.0,7
288,10000000.0,13182567.385564074,-1.7,26.25,3000,88,False,False,False,1000000000.0,7
289,10000000.0,13182567.385564074,-1.7,26.25,3000,89,False,False,False,1000000000.0,7
290,10000000.0,13182567.385564074,-1.7,26.25,3000,90,False,False,False,1000000000.0,7
291,10000000.0,13182567.385564074,-1.7,26.25,3000,91,False,False,False,1000000000.0,7
292,10000000.0,13182567.385564074,-1.7,26.25,3000,92,False,False,False,1000000000.0,7
293,10000000.0,13182567.385564074,-1.7,26.25,3000,93,False,False,False,1000000000.0,7
294,10000000.0,13182567.385564074,-1.7,26.25,3000,94,False,False,False,1000000000.0,7
295,10000000.0,13182567.385564074,-1.7,26.25,3000,95,False,False,False,1000000000.0,7
296,10000000.0,13182567.385564074,-1.7,26.25,3000,96,False,False,False,1000000000.0,7
297,10000000.0,13182567.385564074,-1.7,26.25,3000,97,False,False,False,1000000000.0,7
298,10000000.0,13182567.385564074,-1.7,26.25,3000,98,False,False,False,1000000000.0,7
299,10000000.0,13182567.385564074,-1.7,26.25,3000,99,False,False,False,1000000000.0,7
300,10000000.0,13182567.385564074,-1.7,26.25,3000,100,False,False,False,1000000000.0,7
301,10000000.0,41686938.34703355,-1.7,26.25,3000,1,False,False,False,1000000000.0,7
302,10000000.0,41686938.34703355,-1.7,26.25,3000,2,False,False,False,1000000000.0,7
303,10000000.0,41686938.34703355,-1.7,26.25,3000,3,False,False,False,1000000000.0,7
304,10000000.0,41686938.34703355,-1.7,26.25,3000,4,False,False,False,1000000000.0,7
305,10000000.0,41686938.34703355,-1.7,26.25,3000,5,False,False,False,1000000000.0,7
306,10000000.0,41686938.34703355,-1.7,26.25,3000,6,False,False,False,1000000000.0,7
307,10000000.0,41686938.34703355,-1.7,26.25,3000,7,False,False,False,1000000000.0,7
308,10000000.0,41686938.34703355,-1.7,26.25,3000,8,False,False,False,1000000000.0,7
309,10000000.0,41686938.34703355,-1.7,26.25,3000,9,False,False,False,1000000000.0,7
310,10000000.0,41686938.34703355,-1.7,26.25,3000,10,False,False,False,1000000000.0,7
311,10000000.0,41686938.34703355,-1.7,26.25,3000,11,False,False,False,1000000000.0,7
312,10000000.0,41686938.34703355,-1.7,26.25,3000,12,False,False,False,1000000000.0,7
313,10000000.0,41686938.34703355,-1.7,26.25,3000,13,False,False,False,1000000000.0,7
314,10000000.0,41686938.34703355,-1.7,26.25,3000,14,False,False,False,1000000000.0,7
315,10000000.0,41686938.34703355,-1.7,26.25,3000,15,False,False,False,1000000000.0,7
316,10000000.0,41686938.34703355,-1.7,26.25,3000,16,False,False,False,1000000000.0,7
317,10000000.0,41686938.34703355,-1.7,26.25,3000,17,False,False,False,1000000000.0,7
318,10000000.0,41686938.34703355,-1.7,26.25,3000,18,False,False,False,1000000000.0,7
319,10000000.0,41686938.34703355,-1.7,26.25,3000,19,False,False,False,1000000000.0,7
320,10000000.0,41686938.34703355,-1.7,26.25,3000,20,False,False,False,1000000000.0,7
321,10000000.0,41686938.34703355,-1.7,26.25,3000,21,False,False,False,1000000000.0,7
322,10000000.0,41686938.34703355,-1.7,26.25,3000,22,False,False,False,1000000000.0,7
323,10000000.0,41686938.34703355,-1.7,26.25,3000,23,False,False,False,1000000000.0,7
324,10000000.0,41686938.34703355,-1.7,26.25,3000,24,False,False,False,1000000000.0,7
325,10000000.0,41686938.34703355,-1.7,26.25,3000,25,False,False,False,1000000000.0,7
326,10000000.0,41686938.34703355,-1.7,26.25,3000,26,False,False,False,1000000000.0,7
327,10000000.0,41686938.34703355,-1.7,26.25,3000,27,False,False,False,1000000000.0,7
328,10000000.0,41686938.34703355,-1.7,26.25,3000,28,False,False,False,1000000000.0,7
329,10000000.0,41686938.34703355,-1.7,26.25,3000,29,False,False,False,1000000000.0,7
330,10000000.0,41686938.34703355,-1.7,26.25,3000,30,False,False,False,1000000000.0,7
331,10000000.0,41686938.34703355,-1.7,26.25,3000,31,False,False,False,1000000000.0,7
332,10000000.0,41686938.34703355,-1.7,26.25,3000,32,False,False,False,1000000000.0,7
333,10000000.0,41686938.34703355,-1.7,26.25,3000,33,False,False,False,1000000000.0,7
334,10000000.0,41686938.34703355,-1.7,26.25,3000,34,False,False,False,1000000000.0,7
335,10000000.0,41686938.34703355,-1.7,26.25,3000,35,False,False,False,1000000000.0,7
336,10000000.0,41686938.34703355,-1.7,26.25,3000,36,False,False,False,1000000000.0,7
337,10000000.0,41686938.34703355,-1.7,26.25,3000,37,False,False,False,1000000000.0,7
338,10000000.0,41686938.34703355,-1.7,26.25,3000,38,False,False,False,1000000000.0,7
339,10000000.0,41686938.34703355,-1.7,26.25,3000,39,False,False,False,1000000000.0,7
340,10000000.0,41686938.34703355,-1.7,26.25,3000,40,False,False,False,1000000000.0,7
341,10000000.0,41686938.34703355,-1.7,26.25,3000,41,False,False,False,1000000000.0,7
342,10000000.0,41686938.34703355,-1.7,26.25,3000,42,False,False,False,1000000000.0,7
343,10000000.0,41686938.34703355,-1.7,26.25,3000,43,False,False,False,1000000000.0,7
344,10000000.0,41686938.34703355,-1.7,26.25,3000,44,False,False,False,1000000000.0,7
345,10000000.0,41686938.34703355,-1.7,26.25,3000,45,False,False,False,1000000000.0,7
346,10000000.0,41686938.34703355,-1.7,26.25,3000,46,False,False,False,1000000000.0,7
347,10000000.0,41686938.34703355,-1.7,26.25,3000,47,False,False,False,1000000000.0,7
348,10000000.0,41686938.34703355,-1.7,26.25,3000,48,False,False,False,1000000000.0,7
349,10000000.0,41686938.34703355,-1.7,26.25,3000,49,False,False,False,1000000000.0,7
350,10000000.0,41686938.34703355,-1.7,26.25,3000,50,False,False,False,1000000000.0,7
351,10000000.0,41686938.34703355,-1.7,26.25,3000,51,False,False,False,1000000000.0,7
352,10000000.0,41686938.34703355,-1.7,26.25,3000,52,False,False,False,1000000000.0,7
353,10000000.0,41686938.34703355,-1.7,26.25,3000,53,False,False,False,1000000000.0,7
354,10000000.0,41686938.34703355,-1.7,26.25,3000,54,False,False,False,1000000000.0,7
355,10000000.0,41686938.34703355,-1.7,26.25,3000,55,False,False,False,1000000000.0,7
356,10000000.0,41686938.34703355,-1.7,26.25,3000,56,False,False,False,1000000000.0,7
357,10000000.0,41686938.34703355,-1.7,26.25,3000,57,False,False,False,1000000000.0,7
358,10000000.0,41686938.34703355,-1.7,26.25,3000,58,False,False,False,1000000000.0,7
359,10000000.0,41686938.34703355,-1.7,26.25,3000,59,False,False,False,1000000000.0,7
360,10000000.0,41686938.34703355,-1.7,26.25,3000,60,False,False,False,1000000000.0,7
361,10000000.0,41686938.34703355,-1.7,26.25,3000,61,False,False,False,1000000000.0,7
362,10000000.0,41686938.34703355,-1.7,26.25,3000,62,False,False,False,1000000000.0,7
363,10000000.0,41686938.34703355,-1.7,26.25,3000,63,False,False,False,1000000000.0,7
364,10000000.0,41686938.34703355,-1.7,26.25,3000,64,False,False,False,1000000000.0,7
365,10000000.0,41686938.34703355,-1.7,26.25,3000,65,False,False,False,1000000000.0,7
366,10000000.0,41686938.34703355,-1.7,26.25,3000,66,False,False,False,1000000000.0,7
367,10000000.0,41686938.34703355,-1.7,26.25,3000,67,False,False,False,1000000000.0,7
368,10000000.0,41686938.34703355,-1.7,26.25,3000,68,False,False,False,1000000000.0,7
369,10000000.0,41686938.34703355,-1.7,26.25,3000,69,False,False,False,1000000000.0,7
370,10000000.0,41686938.34703355,-1.7,26.25,3000,70,False,False,False,1000000000.0,7
371,10000000.0,41686938.34703355,-1.7,26.25,3000,71,False,False,False,1000000000.0,7
372,10000000.0,41686938.34703355,-1.7,26.25,3000,72,False,False,False,1000000000.0,7
373,10000000.0,41686938.34703355,-1.7,26.25,3000,73,False,False,False,1000000000.0,7
374,10000000.0,41686938.34703355,-1.7,26.25,3000,74,False,False,False,1000000000.0,7
375,10000000.0,41686938.34703355,-1.7,26.25,3000,75,False,False,False,1000000000.0,7
376,10000000.0,41686938.34703355,-1.7,26.25,3000,76,False,False,False,1000000000.0,7
377,10000000.0,41686938.34703355,-1.7,26.25,3000,77,False,False,False,1000000000.0,7
378,10000000.0,41686938.34703355,-1.7,26.25,3000,78,False,False,False,1000000000.0,7
379,10000000.0,41686938.34703355,-1.7,26.25,3000,79,False,False,False,1000000000.0,7
380,10000000.0,41686938.34703355,-1.7,26.25,3000,80,False,False,False,1000000000.0,7
381,10000000.0,41686938.34703355,-1.7,26.25,3000,81,False,False,False,1000000000.0,7
382,10000000.0,41686938.34703355,-1.7,26.25,3000,82,False,False,False,1000000000.0,7
383,10000000.0,41686938.34703355,-1.7,26.25,3000,83,False,False,False,1000000000.0,7
384,10000000.0,41686938.34703355,-1.7,26.25,3000,84,False,False,False,1000000000.0,7
385,10000000.0,41686938.34703355,-1.7,26.25,3000,85,False,False,False,1000000000.0,7
386,10000000.0,41686938.34703355,-1.7,26.25,3000,86,False,False,False,1000000000.0,7
387,10000000.0,41686938.34703355,-1.7,26.25,3000,87,False,False,False,1000000000.0,7
388,10000000.0,41686938.34703355,-1.7,26.25,3000,88,False,False,False,1000000000.0,7
389,10000000.0,41686938.34703355,-1.7,26.25,3000,89,False,False,False,1000000000.0,7
390,10000000.0,41686938.34703355,-1.7,26.25,3000,90,False,False,False,1000000000.0,7
391,10000000.0,41686938.34703355,-1.7,26.25,3000,91,False,False,False,1000000000.0,7
392,10000000.0,41686938.34703355,-1.7,26.25,3000,92,False,False,False,1000000000.0,7
393,10000000.0,41686938.34703355,-1.7,26.25,3000,93,False,False,False,1000000000.0,7
394,10000000.0,41686938.34703355,-1.7,26.25,3000,94,False,False,False,1000000000.0,7
395,10000000.0,41686938.34703355,-1.7,26.25,3000,95,False,False,False,1000000000.0,7
396,10000000.0,41686938.34703355,-1.7,26.25,3000,96,False,False,False,1000000000.0,7
397,10000000.0,41686938.34703355,-1.7,26.25,3000,97,False,False,False,1000000000.0,7
398,10000000.0,41686938.34703355,-1.7,26.25,3000,98,False,False,False,1000000000.0,7
399,10000000.0,41686938.34703355,-1.7,26.25,3000,99,False,False,False,1000000000.0,7
400,10000000.0,41686938.34703355,-1.7,26.25,3000,100,False,False,False,1000000000.0,7
401,10000000.0,131825673.85564047,-1.7,26.25,3000,1,False,False,False,1000000000.0,7
402,10000000.0,131825673.85564047,-1.7,26.25,3000,2,False,False,False,1000000000.0,7
403,10000000.0,131825673.85564047,-1.7,26.25,3000,3,False,False,False,1000000000.0,7
404,10000000.0,131825673.85564047,-1.7,26.25,3000,4,False,False,False,1000000000.0,7
405,10000000.0,131825673.85564047,-1.7,26.25,3000,5,False,False,False,1000000000.0,7
406,10000000.0,131825673.85564047,-1.7,26.25,3000,6,False,False,False,1000000000.0,7
407,10000000.0,131825673.85564047,-1.7,26.25,3000,7,False,False,False,1000000000.0,7
408,10000000.0,131825673.85564047,-1.7,26.25,3000,8,False,False,False,1000000000.0,7
409,10000000.0,131825673.85564047,-1.7,26.25,3000,9,False,False,False,1000000000.0,7
410,10000000.0,131825673.85564047,-1.7,26.25,3000,10,False,False,False,1000000000.0,7
411,10000000.0,131825673.85564047,-1.7,26.25,3000,11,False,False,False,1000000000.0,7
412,10000000.0,131825673.85564047,-1.7,26.25,3000,12,False,False,False,1000000000.0,7
413,10000000.0,131825673.85564047,-1.7,26.25,3000,13,False,False,False,1000000000.0,7
414,10000000.0,131825673.85564047,-1.7,26.25,3000,14,False,False,False,1000000000.0,7
415,10000000.0,131825673.85564047,-1.7,26.25,3000,15,False,False,False,1000000000.0,7
416,10000000.0,131825673.85564047,-1.7,26.25,3000,16,False,False,False,1000000000.0,7
417,10000000.0,131825673.85564047,-1.7,26.25,3000,17,False,False,False,1000000000.0,7
418,10000000.0,131825673.85564047,-1.7,26.25,3000,18,False,False,False,1000000000.0,7
419,10000000.0,131825673.85564047,-1.7,26.25,3000,19,False,False,False,1000000000.0,7
420,10000000.0,131825673.85564047,-1.7,26.25,3000,20,False,False,False,1000000000.0,7
421,10000000.0,131825673.85564047,-1.7,26.25,3000,21,False,False,False,1000000000.0,7
422,10000000.0,131825673.85564047,-1.7,26.25,3000,22,False,False,False,1000000000.0,7
423,10000000.0,131825673.85564047,-1.7,26.25,3000,23,False,False,False,1000000000.0,7
424,10000000.0,131825673.85564047,-1.7,26.25,3000,24,False,False,False,1000000000.0,7
425,10000000.0,131825673.85564047,-1.7,26.25,3000,25,False,False,False,1000000000.0,7
426,10000000.0,131825673.85564047,-1.7,26.25,3000,26,False,False,False,1000000000.0,7
427,10000000.0,131825673.85564047,-1.7,26.25,3000,27,False,False,False,1000000000.0,7
428,10000000.0,131825673.85564047,-1.7,26.25,3000,28,False,False,False,1000000000.0,7
429,10000000.0,131825673.85564047,-1.7,26.25,3000,29,False,False,False,1000000000.0,7
430,10000000.0,131825673.85564047,-1.7,26.25,3000,30,False,False,False,1000000000.0,7
431,10000000.0,131825673.85564047,-1.7,26.25,3000,31,False,False,False,1000000000.0,7
432,10000000.0,131825673.85564047,-1.7,26.25,3000,32,False,False,False,1000000000.0,7
433,10000000.0,131825673.85564047,-1.7,26.25,3000,33,False,False,False,1000000000.0,7
434,10000000.0,131825673.85564047,-1.7,26.25,3000,34,False,False,False,1000000000.0,7
435,10000000.0,131825673.85564047,-1.7,26.25,3000,35,False,False,False,1000000000.0,7
436,10000000.0,131825673.85564047,-1.7,26.25,3000,36,False,False,False,1000000000.0,7
437,10000000.0,131825673.85564047,-1.7,26.25,3000,37,False,False,False,1000000000.0,7
438,10000000.0,131825673.85564047,-1.7,26.25,3000,38,False,False,False,1000000000.0,7
439,10000000.0,131825673.85564047,-1.7,26.25,3000,39,False,False,False,1000000000.0,7
440,10000000.0,131825673.85564047,-1.7,26.25,3000,40,False,False,False,1000000000.0,7
441,10000000.0,131825673.85564047,-1.7,26.25,3000,41,False,False,False,1000000000.0,7
442,10000000.0,131825673.85564047,-1.7,26.25,3000,42,False,False,False,1000000000.0,7
443,10000000.0,131825673.85564047,-1.7,26.25,3000,43,False,False,False,1000000000.0,7
444,10000000.0,131825673.85564047,-1.7,26.25,3000,44,False,False,False,1000000000.0,7
445,10000000.0,131825673.85564047,-1.7,26.25,3000,45,False,False,False,1000000000.0,7
446,10000000.0,131825673.85564047,-1.7,26.25,3000,46,False,False,False,1000000000.0,7
447,10000000.0,131825673.85564047,-1.7,26.25,3000,47,False,False,False,1000000000.0,7
448,10000000.0,131825673.85564047,-1.7,26.25,3000,48,False,False,False,1000000000.0,7
449,10000000.0,131825673.85564047,-1.7,26.25,3000,49,False,False,False,1000000000.0,7
450,10000000.0,131825673.85564047,-1.7,26.25,3000,50,False,False,False,1000000000.0,7
451,10000000.0,131825673.85564047,-1.7,26.25,3000,51,False,False,False,1000000000.0,7
452,10000000.0,131825673.85564047,-1.7,26.25,3000,52,False,False,False,1000000000.0,7
453,10000000.0,131825673.85564047,-1.7,26.25,3000,53,False,False,False,1000000000.0,7
454,10000000.0,131825673.85564047,-1.7,26.25,3000,54,False,False,False,1000000000.0,7
455,10000000.0,131825673.85564047,-1.7,26.25,3000,55,False,False,False,1000000000.0,7
456,10000000.0,131825673.85564047,-1.7,26.25,3000,56,False,False,False,1000000000.0,7
457,10000000.0,131825673.85564047,-1.7,26.25,3000,57,False,False,False,1000000000.0,7
458,10000000.0,131825673.85564047,-1.7,26.25,3000,58,False,False,False,1000000000.0,7
459,10000000.0,131825673.85564047,-1.7,26.25,3000,59,False,False,False,1000000000.0,7
460,10000000.0,131825673.85564047,-1.7,26.25,3000,60,False,False,False,1000000000.0,7
461,10000000.0,131825673.85564047,-1.7,26.25,3000,61,False,False,False,1000000000.0,7
462,10000000.0,131825673.85564047,-1.7,26.25,3000,62,False,False,False,1000000000.0,7
463,10000000.0,131825673.85564047,-1.7,26.25,3000,63,False,False,False,1000000000.0,7
464,10000000.0,131825673.85564047,-1.7,26.25,3000,64,False,False,False,1000000000.0,7
465,10000000.0,131825673.85564047,-1.7,26.25,3000,65,False,False,False,1000000000.0,7
466,10000000.0,131825673.85564047,-1.7,26.25,3000,66,False,False,False,1000000000.0,7
467,10000000.0,131825673.85564047,-1.7,26.25,3000,67,False,False,False,1000000000.0,7
468,10000000.0,131825673.85564047,-1.7,26.25,3000,68,False,False,False,1000000000.0,7
469,10000000.0,131825673.85564047,-1.7,26.25,3000,69,False,False,False,1000000000.0,7
470,10000000.0,131825673.85564047,-1.7,26.25,3000,70,False,False,False,1000000000.0,7
471,10000000.0,131825673.85564047,-1.7,26.25,3000,71,False,False,False,1000000000.0,7
472,10000000.0,131825673.85564047,-1.7,26.25,3000,72,False,False,False,1000000000.0,7
473,10000000.0,131825673.85564047,-1.7,26.25,3000,73,False,False,False,1000000000.0,7
474,10000000.0,131825673.85564047,-1.7,26.25,3000,74,False,False,False,1000000000.0,7
475,10000000.0,131825673.85564047,-1.7,26.25,3000,75,False,False,False,1000000000.0,7
476,10000000.0,131825673.85564047,-1.7,26.25,3000,76,False,False,False,1000000000.0,7
477,10000000.0,131825673.85564047,-1.7,26.25,3000,77,False,False,False,1000000000.0,7
478,10000000.0,131825673.85564047,-1.7,26.25,3000,78,False,False,False,1000000000.0,7
479,10000000.0,131825673.85564047,-1.7,26.25,3000,79,False,False,False,1000000000.0,7
480,10000000.0,131825673.85564047,-1.7,26.25,3000,80,False,False,False,1000000000.0,7
481,10000000.0,131825673.85564047,-1.7,26.25,3000,81,False,False,False,1000000000.0,7
482,10000000.0,131825673.85564047,-1.7,26.25,3000,82,False,False,False,1000000000.0,7
483,10000000.0,131825673.85564047,-1.7,26.25,3000,83,False,False,False,1000000000.0,7
484,10000000.0,131825673.85564047,-1.7,26.25,3000,84,False,False,False,1000000000.0,7
485,10000000.0,131825673.85564047,-1.7,26.25,3000,85,False,False,False,1000000000.0,7
486,10000000.0,131825673.85564047,-1.7,26.25,3000,86,False,False,False,1000000000.0,7
487,10000000.0,131825673.85564047,-1.7,26.25,3000,87,False,False,False,1000000000.0,7
488,10000000.0,131825673.85564047,-1.7,26.25,3000,88,False,False,False,1000000000.0,7
489,10000000.0,131825673.85564047,-1.7,26.25,3000,89,False,False,False,1000000000.0,7
490,10000000.0,131825673.85564047,-1.7,26.25,3000,90,False,False,False,1000000000.0,7
491,10000000.0,131825673.85564047,-1.7,26.25,3000,91,False,False,False,1000000000.0,7
492,10000000.0,131825673.85564047,-1.7,26.25,3000,92,False,False,False,1000000000.0,7
493,10000000.0,131825673.85564047,-1.7,26.25,3000,93,False,False,False,1000000000.0,7
494,10000000.0,131825673.85564047,-1.7,26.25,3000,94,False,False,False,1000000000.0,7
495,10000000.0,131825673.85564047,-1.7,26.25,3000,95,False,False,False,1000000000.0,7
496,10000000.0,131825673.85564047,-1.7,26.25,3000,96,False,False,False,1000000000.0,7
497,10000000.0,131825673.85564047,-1.7,26.25,3000,97,False,False,False,1000000000.0,7
498,10000000.0,131825673.85564047,-1.7,26.25,3000,98,False,False,False,1000000000.0,7
499,10000000.0,131825673.85564047,-1.7,26.25,3000,99,False,False,False,1000000000.0,7
500,10000000.0,131825673.85564047,-1.7,26.25,3000,100,False,False,False,1000000000.0,7
